# Blender 4.5.4 LTS
# www.blender.org
mtllib UFO.mtl
o UFO
v 0.738281 -0.418203 -0.000000
v 0.914993 -0.388752 -0.000000
v 1.121147 -0.282729 -0.000000
v 1.125237 -0.184559 -0.000000
v 1.391113 -0.115022 -0.000000
v 1.652901 0.015871 0.000000
v 1.869690 0.183577 0.000000
v 1.644722 0.371736 0.000000
v 1.092514 0.543533 0.000000
v 0.785736 0.600798 0.000000
v 0.618027 0.776686 0.000000
v 0.421684 0.940302 0.000000
v 0.184448 1.083466 0.000000
v -0.060982 1.173455 0.000000
v -0.346596 1.230720 0.000000
v -0.369743 1.312528 0.000000
v -0.392303 1.312528 0.000000
v -0.420937 1.611128 0.000000
v 0.738281 -0.304405 -0.000000
v 0.649063 -0.418203 -0.448561
v 0.812317 -0.388752 -0.516183
v 1.002777 -0.282729 -0.595076
v 1.006561 -0.184559 -0.596641
v 1.252197 -0.115022 -0.698387
v 1.494057 0.015871 -0.798568
v 1.694344 0.183577 -0.881531
v 1.486496 0.371736 -0.795438
v 0.976326 0.543533 -0.584118
v 0.692894 0.600798 -0.466719
v 0.537956 0.776686 -0.402540
v 0.356560 0.940302 -0.327404
v 0.137383 1.083466 -0.236615
v -0.089363 1.173455 -0.142695
v -0.353241 1.230720 -0.033393
v -0.374626 1.312528 -0.024536
v -0.395462 1.312528 -0.015904
v -0.421921 1.611128 -0.004946
v 0.649063 -0.304405 -0.448561
v 0.394974 -0.418203 -0.828832
v 0.519920 -0.388752 -0.953782
v 0.665695 -0.282729 -1.099556
v 0.668587 -0.184559 -1.102448
v 0.856590 -0.115022 -1.290451
v 1.041702 0.015871 -1.475562
v 1.194992 0.183577 -1.628856
v 1.035919 0.371736 -1.469777
v 0.645447 0.543533 -1.079310
v 0.428520 0.600798 -0.862383
v 0.309937 0.776686 -0.743797
v 0.171104 0.940302 -0.604964
v 0.003349 1.083466 -0.437208
v -0.170197 1.173455 -0.263667
v -0.372154 1.230720 -0.061703
v -0.388527 1.312528 -0.045336
v -0.404472 1.312528 -0.029386
v -0.424721 1.611128 -0.009140
v 0.394974 -0.304405 -0.828832
v 0.014702 -0.418203 -1.082921
v 0.082321 -0.388752 -1.246176
v 0.161217 -0.282729 -1.436639
v 0.162781 -0.184559 -1.440418
v 0.264526 -0.115022 -1.686056
v 0.364708 0.015871 -1.927914
v 0.447670 0.183577 -2.128204
v 0.361580 0.371736 -1.920357
v 0.150261 0.543533 -1.410186
v 0.032860 0.600798 -1.126758
v -0.031319 0.776685 -0.971818
v -0.106453 0.940302 -0.790424
v -0.197243 1.083466 -0.571240
v -0.291168 1.173455 -0.344497
v -0.400467 1.230720 -0.080619
v -0.409325 1.312528 -0.059235
v -0.417953 1.312528 -0.038395
v -0.428917 1.611128 -0.011942
v 0.014702 -0.304405 -1.082921
v -0.433861 -0.418203 -1.172145
v -0.433861 -0.388752 -1.348851
v -0.433861 -0.282729 -1.555007
v -0.433861 -0.184559 -1.559098
v -0.433861 -0.115022 -1.824974
v -0.433861 0.015871 -2.086760
v -0.433861 0.183577 -2.303551
v -0.433861 0.371736 -2.078579
v -0.433861 0.543533 -1.526375
v -0.433861 0.600798 -1.219595
v -0.433861 0.776686 -1.051888
v -0.433861 0.940302 -0.855549
v -0.433861 1.083466 -0.618305
v -0.433861 1.173454 -0.372881
v -0.433861 1.230720 -0.087261
v -0.433861 1.312528 -0.064115
v -0.433861 1.312528 -0.041559
v -0.433861 1.611128 -0.012926
v -0.433861 -0.304405 -1.172146
v -0.882423 -0.418203 -1.082921
v -0.950043 -0.388752 -1.246176
v -1.028938 -0.282729 -1.436639
v -1.030502 -0.184559 -1.440418
v -1.132248 -0.115022 -1.686056
v -1.232430 0.015871 -1.927914
v -1.315392 0.183577 -2.128204
v -1.229301 0.371736 -1.920357
v -1.017982 0.543533 -1.410186
v -0.900581 0.600798 -1.126758
v -0.836403 0.776685 -0.971818
v -0.761269 0.940302 -0.790424
v -0.670479 1.083466 -0.571240
v -0.576553 1.173455 -0.344497
v -0.467255 1.230720 -0.080619
v -0.458397 1.312528 -0.059235
v -0.449768 1.312528 -0.038395
v -0.438805 1.611128 -0.011942
v -0.882423 -0.304405 -1.082921
v -1.262695 -0.418203 -0.828832
v -1.387642 -0.388752 -0.953782
v -1.533417 -0.282729 -1.099556
v -1.536308 -0.184559 -1.102448
v -1.724312 -0.115022 -1.290451
v -1.909424 0.015871 -1.475562
v -2.062714 0.183577 -1.628856
v -1.903641 0.371736 -1.469777
v -1.513168 0.543533 -1.079310
v -1.296242 0.600798 -0.862384
v -1.177658 0.776686 -0.743797
v -1.038826 0.940302 -0.604964
v -0.871071 1.083466 -0.437208
v -0.697525 1.173455 -0.263667
v -0.495567 1.230720 -0.061703
v -0.479195 1.312528 -0.045336
v -0.463249 1.312528 -0.029387
v -0.443001 1.611128 -0.009140
v -1.262695 -0.304405 -0.828832
v -1.516785 -0.418203 -0.448560
v -1.680038 -0.388752 -0.516183
v -1.870499 -0.282729 -0.595075
v -1.874283 -0.184559 -0.596641
v -2.119919 -0.115022 -0.698387
v -2.361778 0.015871 -0.798568
v -2.562065 0.183577 -0.881530
v -2.354218 0.371736 -0.795437
v -1.844048 0.543533 -0.584118
v -1.560616 0.600798 -0.466718
v -1.405678 0.776686 -0.402540
v -1.224281 0.940302 -0.327404
v -1.005104 1.083466 -0.236615
v -0.778358 1.173455 -0.142696
v -0.514481 1.230720 -0.033394
v -0.493095 1.312528 -0.024536
v -0.472260 1.312528 -0.015904
v -0.445801 1.611128 -0.004947
v -1.516785 -0.304405 -0.448560
v -1.606003 -0.418203 0.000000
v -1.782715 -0.388752 0.000000
v -1.988869 -0.282729 0.000000
v -1.992958 -0.184559 0.000000
v -2.258835 -0.115022 0.000000
v -2.520622 0.015871 0.000000
v -2.737411 0.183577 0.000000
v -2.512444 0.371736 0.000000
v -1.960236 0.543533 0.000000
v -1.653458 0.600798 0.000000
v -1.485748 0.776686 -0.000000
v -1.289406 0.940302 -0.000000
v -1.052170 1.083466 -0.000000
v -0.806740 1.173455 -0.000000
v -0.521126 1.230720 -0.000000
v -0.497978 1.312528 -0.000000
v -0.475418 1.312528 -0.000000
v -0.446785 1.611128 -0.000000
v -1.606003 -0.304405 0.000000
v -1.516785 -0.418203 0.448561
v -1.680038 -0.388752 0.516183
v -1.870499 -0.282729 0.595076
v -1.874283 -0.184559 0.596641
v -2.119919 -0.115022 0.698387
v -2.361778 0.015871 0.798568
v -2.562065 0.183577 0.881531
v -2.354218 0.371736 0.795438
v -1.844048 0.543533 0.584118
v -1.560616 0.600798 0.466719
v -1.405678 0.776686 0.402540
v -1.224281 0.940302 0.327404
v -1.005104 1.083466 0.236615
v -0.778358 1.173455 0.142695
v -0.514481 1.230720 0.033393
v -0.493095 1.312528 0.024536
v -0.472260 1.312528 0.015904
v -0.445801 1.611128 0.004946
v -1.516785 -0.304405 0.448561
v -1.262695 -0.418203 0.828832
v -1.387642 -0.388752 0.953782
v -1.533417 -0.282729 1.099556
v -1.536308 -0.184559 1.102449
v -1.724312 -0.115022 1.290452
v -1.909424 0.015871 1.475562
v -2.062714 0.183577 1.628857
v -1.903641 0.371736 1.469777
v -1.513168 0.543533 1.079310
v -1.296242 0.600798 0.862384
v -1.177658 0.776686 0.743797
v -1.038826 0.940302 0.604964
v -0.871071 1.083466 0.437208
v -0.697525 1.173455 0.263667
v -0.495567 1.230720 0.061703
v -0.479195 1.312528 0.045336
v -0.463249 1.312528 0.029386
v -0.443001 1.611128 0.009140
v -1.262695 -0.304405 0.828832
v -0.882423 -0.418203 1.082922
v -0.950043 -0.388752 1.246176
v -1.028938 -0.282728 1.436640
v -1.030502 -0.184559 1.440419
v -1.132248 -0.115022 1.686056
v -1.232430 0.015871 1.927915
v -1.315392 0.183577 2.128204
v -1.229301 0.371736 1.920357
v -1.017982 0.543533 1.410186
v -0.900581 0.600798 1.126758
v -0.836403 0.776686 0.971818
v -0.761269 0.940302 0.790424
v -0.670479 1.083466 0.571240
v -0.576553 1.173455 0.344497
v -0.467255 1.230720 0.080619
v -0.458397 1.312528 0.059234
v -0.449768 1.312528 0.038395
v -0.438805 1.611128 0.011942
v -0.882423 -0.304405 1.082922
v -0.433861 -0.418203 1.172146
v -0.433861 -0.388752 1.348851
v -0.433861 -0.282728 1.555007
v -0.433861 -0.184559 1.559098
v -0.433861 -0.115022 1.824974
v -0.433861 0.015871 2.086760
v -0.433861 0.183577 2.303551
v -0.433861 0.371736 2.078579
v -0.433861 0.543533 1.526375
v -0.433861 0.600798 1.219594
v -0.433861 0.776686 1.051888
v -0.433861 0.940302 0.855549
v -0.433861 1.083466 0.618305
v -0.433861 1.173455 0.372881
v -0.433861 1.230720 0.087261
v -0.433861 1.312528 0.064115
v -0.433861 1.312528 0.041559
v -0.433861 1.611128 0.012926
v -0.433861 -0.304405 1.172146
v 0.014702 -0.418203 1.082921
v 0.082321 -0.388752 1.246176
v 0.161217 -0.282728 1.436639
v 0.162781 -0.184559 1.440418
v 0.264526 -0.115022 1.686056
v 0.364708 0.015871 1.927914
v 0.447670 0.183577 2.128203
v 0.361580 0.371736 1.920356
v 0.150261 0.543533 1.410186
v 0.032860 0.600798 1.126758
v -0.031319 0.776686 0.971818
v -0.106453 0.940302 0.790424
v -0.197243 1.083466 0.571240
v -0.291168 1.173455 0.344497
v -0.400467 1.230720 0.080619
v -0.409325 1.312528 0.059235
v -0.417953 1.312528 0.038395
v -0.428917 1.611128 0.011942
v 0.014702 -0.304405 1.082921
v 0.394974 -0.418203 0.828832
v 0.519920 -0.388752 0.953781
v 0.665695 -0.282729 1.099556
v 0.668587 -0.184559 1.102448
v 0.856590 -0.115022 1.290451
v 1.041702 0.015871 1.475561
v 1.195000 0.183577 1.628856
v 1.035919 0.371736 1.469777
v 0.645447 0.543533 1.079309
v 0.428520 0.600798 0.862383
v 0.309937 0.776686 0.743797
v 0.171104 0.940302 0.604964
v 0.003349 1.083466 0.437208
v -0.170197 1.173455 0.263667
v -0.372154 1.230720 0.061703
v -0.388527 1.312528 0.045336
v -0.404472 1.312528 0.029386
v -0.424721 1.611128 0.009140
v 0.394974 -0.304405 0.828832
v 0.649063 -0.418203 0.448561
v 0.812317 -0.388752 0.516183
v 1.002777 -0.282729 0.595075
v 1.006561 -0.184559 0.596641
v 1.252197 -0.115022 0.698387
v 1.494057 0.015871 0.798568
v 1.694344 0.183577 0.881531
v 1.486496 0.371736 0.795438
v 0.976326 0.543533 0.584118
v 0.692894 0.600798 0.466719
v 0.537956 0.776686 0.402540
v 0.356560 0.940302 0.327404
v 0.137383 1.083466 0.236615
v -0.089363 1.173455 0.142696
v -0.353241 1.230720 0.033393
v -0.374626 1.312528 0.024536
v -0.395462 1.312528 0.015904
v -0.421921 1.611128 0.004947
v 0.649063 -0.304405 0.448561
v 1.233070 0.477324 -0.690467
v 0.841957 0.477324 -1.275816
v 0.256607 0.477324 -1.666934
v -0.433861 0.477324 -1.804277
v -1.124329 0.477324 -1.666934
v -1.709679 0.477324 -1.275816
v -2.100792 0.477324 -0.690467
v -2.238136 0.477324 0.000000
v -2.100792 0.477324 0.690467
v -1.709679 0.477324 1.275816
v -1.124329 0.477324 1.666934
v -0.433861 0.477324 1.804276
v 0.256607 0.477324 1.666934
v 0.841957 0.477324 1.275816
v 1.233070 0.477324 0.690467
v 1.370415 0.477324 0.000000
v 0.677109 0.618724 -0.460178
v 0.416435 0.618724 -0.850297
v 0.026314 0.618724 -1.110967
v -0.433861 0.618724 -1.202502
v -0.894035 0.618724 -1.110967
v -1.284157 0.618724 -0.850298
v -1.544830 0.618724 -0.460178
v -1.636360 0.618724 0.000000
v -1.544830 0.618724 0.460178
v -1.284157 0.618724 0.850298
v -0.894035 0.618724 1.110967
v -0.433861 0.618724 1.202502
v 0.026314 0.618724 1.110967
v 0.416435 0.618724 0.850297
v 0.677109 0.618724 0.460178
v 0.768639 0.618724 0.000000
v 0.595200 0.795710 0.000000
v 0.516869 0.795710 -0.393804
v 0.293793 0.795710 -0.727654
v -0.040054 0.795710 -0.950726
v -0.433861 0.795710 -1.029058
v -0.827667 0.795710 -0.950726
v -1.161514 0.795710 -0.727654
v -1.384590 0.795710 -0.393804
v -1.462921 0.795710 -0.000000
v -1.384590 0.795710 0.393803
v -1.161514 0.795710 0.727654
v -0.827667 0.795710 0.950726
v -0.433861 0.795710 1.029058
v -0.040054 0.795710 0.950726
v 0.293793 0.795710 0.727654
v 0.516869 0.795710 0.393804
v -0.056598 -0.110046 1.812298
v -0.058566 -0.089112 1.802142
v -0.022875 -0.103975 1.818139
v -0.024940 -0.083037 1.807604
v 0.005234 -0.092601 1.835129
v 0.003179 -0.071731 1.824624
v 0.023451 -0.077655 1.860683
v 0.021437 -0.057077 1.850299
v 0.029002 -0.061412 1.890908
v 0.026961 -0.041435 1.880483
v 0.021042 -0.046345 1.921204
v 0.019061 -0.026931 1.911064
v 0.000783 -0.034749 1.946959
v -0.001214 -0.016064 1.936831
v -0.028692 -0.028388 1.964250
v -0.030620 -0.010201 1.954406
v -0.062894 -0.028231 1.970447
v -0.064485 -0.010399 1.960745
v -0.096617 -0.034302 1.964606
v -0.098196 -0.016619 1.955011
v -0.124726 -0.045676 1.947615
v -0.126291 -0.027799 1.938240
v -0.142943 -0.060623 1.922062
v -0.144540 -0.042459 1.912550
v -0.148494 -0.076866 1.891837
v -0.150111 -0.058145 1.882287
v -0.140534 -0.091932 1.861541
v -0.142180 -0.072636 1.851727
v -0.120275 -0.103528 1.835786
v -0.121961 -0.083642 1.825693
v -0.090800 -0.109889 1.818495
v -0.092482 -0.089332 1.808448
v -0.027586 -0.099525 1.827494
v -0.003067 -0.089604 1.842314
v 0.012823 -0.076567 1.864603
v 0.017665 -0.062399 1.890967
v 0.010722 -0.049257 1.917393
v -0.006950 -0.039142 1.939858
v -0.032659 -0.033594 1.954941
v -0.062492 -0.033457 1.960346
v -0.091907 -0.038752 1.955251
v -0.116425 -0.048674 1.940431
v -0.132315 -0.061711 1.918142
v -0.137157 -0.075878 1.891778
v -0.130214 -0.089020 1.865352
v -0.112543 -0.099135 1.842887
v -0.086833 -0.104684 1.827804
v -0.057001 -0.104820 1.822399
v -0.003861 -0.080758 1.837707
v -0.028380 -0.090679 1.822886
v -0.057795 -0.095974 1.817791
v 0.012029 -0.067721 1.859995
v 0.016871 -0.053553 1.886359
v 0.009927 -0.040411 1.912785
v -0.007744 -0.030296 1.935250
v -0.033453 -0.024748 1.950333
v -0.063286 -0.024611 1.955738
v -0.092701 -0.029906 1.950643
v -0.117220 -0.039828 1.935823
v -0.133110 -0.052865 1.913534
v -0.137952 -0.067032 1.887170
v -0.131008 -0.080174 1.860744
v -0.113337 -0.090289 1.838279
v -0.087628 -0.095837 1.823196
v -0.171454 -0.413440 1.264521
v -0.172640 -0.395027 1.259240
v -0.148411 -0.409682 1.268815
v -0.149499 -0.393469 1.263981
v -0.129179 -0.403040 1.281043
v -0.130087 -0.390653 1.277021
v -0.116686 -0.394525 1.299343
v -0.117655 -0.384100 1.294999
v -0.112832 -0.385433 1.320930
v -0.113995 -0.373133 1.315594
v -0.118206 -0.377148 1.342517
v -0.119588 -0.363155 1.336110
v -0.131988 -0.370932 1.360818
v -0.133519 -0.355528 1.353711
v -0.152082 -0.367730 1.373046
v -0.153696 -0.351516 1.365525
v -0.175427 -0.368031 1.377340
v -0.176888 -0.351716 1.369749
v -0.198469 -0.371789 1.373046
v -0.199861 -0.356103 1.365788
v -0.217701 -0.378431 1.360818
v -0.218971 -0.364018 1.354201
v -0.230195 -0.386946 1.342517
v -0.231255 -0.374129 1.336982
v -0.234049 -0.396038 1.320930
v -0.234907 -0.385096 1.316384
v -0.228675 -0.404323 1.299343
v -0.229492 -0.390950 1.295011
v -0.214892 -0.410539 1.281043
v -0.215839 -0.393668 1.275985
v -0.194799 -0.413741 1.268815
v -0.195808 -0.395097 1.263426
v -0.151985 -0.406977 1.276255
v -0.135498 -0.401284 1.286737
v -0.124788 -0.393984 1.302425
v -0.121485 -0.386190 1.320930
v -0.126091 -0.379088 1.339435
v -0.137906 -0.373759 1.355123
v -0.155131 -0.371015 1.365606
v -0.175143 -0.371273 1.369287
v -0.194896 -0.374494 1.365606
v -0.211382 -0.380187 1.355123
v -0.222092 -0.387487 1.339435
v -0.225396 -0.395281 1.320930
v -0.220789 -0.402383 1.302425
v -0.208974 -0.407712 1.286737
v -0.191750 -0.410456 1.276255
v -0.171738 -0.410198 1.272574
v -0.135873 -0.396997 1.284999
v -0.152360 -0.402691 1.274516
v -0.172113 -0.405912 1.270836
v -0.125163 -0.389697 1.300687
v -0.121860 -0.381903 1.319192
v -0.126467 -0.374801 1.337697
v -0.138281 -0.369472 1.353385
v -0.155506 -0.366728 1.363867
v -0.175518 -0.366986 1.367548
v -0.195271 -0.370207 1.363867
v -0.211757 -0.375901 1.353385
v -0.222467 -0.383200 1.337697
v -0.225771 -0.390994 1.319192
v -0.221164 -0.398096 1.300687
v -0.209349 -0.403425 1.284999
v -0.192125 -0.406170 1.274516
v 0.608220 -0.110046 1.529972
v 0.602516 -0.089112 1.521343
v 0.641612 -0.103975 1.522464
v 0.635673 -0.083037 1.513521
v 0.674084 -0.092601 1.527404
v 0.668164 -0.071731 1.518484
v 0.700693 -0.077655 1.544041
v 0.694859 -0.057077 1.535218
v 0.717388 -0.061412 1.569841
v 0.711513 -0.041436 1.560991
v 0.721627 -0.046346 1.600877
v 0.715917 -0.026931 1.592267
v 0.712766 -0.034749 1.632424
v 0.707046 -0.016064 1.623832
v 0.692153 -0.028388 1.659679
v 0.686604 -0.010201 1.651322
v 0.662925 -0.028231 1.678493
v 0.657743 -0.010399 1.670138
v 0.629534 -0.034302 1.686001
v 0.624403 -0.016619 1.677741
v 0.597062 -0.045676 1.681061
v 0.592029 -0.027799 1.672998
v 0.570453 -0.060623 1.664424
v 0.565338 -0.042459 1.656247
v 0.553758 -0.076866 1.638624
v 0.548610 -0.058145 1.630420
v 0.549519 -0.091932 1.607588
v 0.544242 -0.072636 1.599151
v 0.558380 -0.103528 1.576041
v 0.552959 -0.083642 1.567361
v 0.578993 -0.109889 1.548786
v 0.573596 -0.089332 1.540148
v 0.640840 -0.099525 1.532910
v 0.669164 -0.089604 1.537218
v 0.692374 -0.076567 1.551730
v 0.706936 -0.062399 1.574234
v 0.710634 -0.049257 1.601306
v 0.702905 -0.039142 1.628823
v 0.684925 -0.033594 1.652596
v 0.659431 -0.033457 1.669007
v 0.630306 -0.038752 1.675556
v 0.601982 -0.048674 1.671247
v 0.578772 -0.061711 1.656735
v 0.564209 -0.075879 1.634231
v 0.560512 -0.089020 1.607159
v 0.568241 -0.099135 1.579643
v 0.586221 -0.104684 1.555869
v 0.611714 -0.104821 1.539459
v 0.666667 -0.080758 1.533266
v 0.638343 -0.090679 1.528956
v 0.609217 -0.095974 1.535505
v 0.689877 -0.067721 1.547777
v 0.704439 -0.053553 1.570281
v 0.708137 -0.040411 1.597353
v 0.700408 -0.030296 1.624870
v 0.682428 -0.024748 1.648643
v 0.656934 -0.024611 1.665053
v 0.627808 -0.029906 1.671602
v 0.599485 -0.039828 1.667294
v 0.576275 -0.052865 1.652782
v 0.561712 -0.067032 1.630278
v 0.558014 -0.080174 1.603207
v 0.565744 -0.090289 1.575689
v 0.583724 -0.095838 1.551916
v 0.292483 -0.413440 1.067846
v 0.289366 -0.395027 1.063421
v 0.315414 -0.409682 1.062995
v 0.312560 -0.393469 1.058946
v 0.337862 -0.403040 1.066932
v 0.335485 -0.390653 1.063564
v 0.356408 -0.394525 1.079059
v 0.353850 -0.384100 1.075416
v 0.368229 -0.385433 1.097528
v 0.365113 -0.373134 1.093043
v 0.371525 -0.377148 1.119528
v 0.367797 -0.363155 1.114137
v 0.365795 -0.370932 1.141710
v 0.361661 -0.355528 1.135730
v 0.351911 -0.367730 1.160697
v 0.347542 -0.351516 1.154366
v 0.331986 -0.368031 1.173597
v 0.327731 -0.351716 1.167144
v 0.309055 -0.371789 1.178448
v 0.304991 -0.356103 1.172276
v 0.286607 -0.378431 1.174511
v 0.282901 -0.364018 1.168884
v 0.268061 -0.386946 1.162385
v 0.264964 -0.374129 1.157677
v 0.256240 -0.396038 1.143915
v 0.253707 -0.385096 1.140044
v 0.252943 -0.404323 1.121915
v 0.250531 -0.390950 1.118226
v 0.258674 -0.410539 1.099733
v 0.255863 -0.393668 1.095423
v 0.272558 -0.413741 1.080747
v 0.269564 -0.395097 1.076154
v 0.314960 -0.406977 1.071236
v 0.334203 -0.401284 1.074612
v 0.350101 -0.393984 1.085007
v 0.360235 -0.386190 1.100839
v 0.363061 -0.379088 1.119699
v 0.358149 -0.373759 1.138714
v 0.346246 -0.371015 1.154990
v 0.329166 -0.371273 1.166049
v 0.309509 -0.374494 1.170207
v 0.290266 -0.380187 1.166832
v 0.274367 -0.387487 1.156437
v 0.264234 -0.395281 1.140604
v 0.261408 -0.402383 1.121745
v 0.266320 -0.407712 1.102730
v 0.278222 -0.410456 1.086454
v 0.295302 -0.410198 1.075395
v 0.333191 -0.396997 1.073149
v 0.313948 -0.402691 1.069774
v 0.294291 -0.405912 1.073932
v 0.349090 -0.389697 1.083544
v 0.359223 -0.381903 1.099377
v 0.362049 -0.374801 1.118236
v 0.357137 -0.369472 1.137251
v 0.345235 -0.366728 1.153527
v 0.328155 -0.366986 1.164586
v 0.308497 -0.370207 1.168744
v 0.289254 -0.375901 1.165369
v 0.273355 -0.383200 1.154974
v 0.263222 -0.390994 1.139141
v 0.260396 -0.398096 1.120282
v 0.265308 -0.403425 1.101267
v 0.277211 -0.406170 1.084991
v 1.114392 -0.110046 1.014723
v 1.105820 -0.089112 1.008933
v 1.142368 -0.103975 0.995008
v 1.133458 -0.083037 0.989018
v 1.174258 -0.092601 0.987145
v 1.165376 -0.071731 0.981170
v 1.205209 -0.077655 0.992333
v 1.196442 -0.057077 0.986414
v 1.230506 -0.061412 1.009780
v 1.221691 -0.041436 1.003852
v 1.246300 -0.046346 1.036831
v 1.237729 -0.026931 1.031062
v 1.250186 -0.034749 1.069368
v 1.241613 -0.016064 1.063618
v 1.241571 -0.028388 1.102437
v 1.233247 -0.010201 1.096839
v 1.221769 -0.028232 1.131003
v 1.213783 -0.010400 1.125268
v 1.193793 -0.034302 1.150718
v 1.185891 -0.016620 1.145050
v 1.161902 -0.045677 1.158580
v 1.154166 -0.027799 1.153057
v 1.130952 -0.060623 1.153393
v 1.123097 -0.042459 1.147796
v 1.105654 -0.076866 1.135946
v 1.097758 -0.058145 1.130336
v 1.089860 -0.091932 1.108895
v 1.081757 -0.072636 1.103119
v 1.085975 -0.103529 1.076358
v 1.077645 -0.083642 1.070413
v 1.094589 -0.109889 1.043289
v 1.086296 -0.089332 1.037374
v 1.145653 -0.099525 1.004953
v 1.173469 -0.089604 0.998095
v 1.200466 -0.076567 1.002620
v 1.222532 -0.062399 1.017838
v 1.236308 -0.049257 1.041434
v 1.239697 -0.039142 1.069814
v 1.232184 -0.033594 1.098659
v 1.214911 -0.033457 1.123576
v 1.190508 -0.038752 1.140773
v 1.162691 -0.048674 1.147631
v 1.135695 -0.061711 1.143106
v 1.113629 -0.075879 1.127887
v 1.099853 -0.089020 1.104292
v 1.096463 -0.099135 1.075912
v 1.103977 -0.104684 1.047067
v 1.121250 -0.104821 1.022150
v 1.169649 -0.080758 0.995399
v 1.141832 -0.090679 1.002257
v 1.117430 -0.095975 1.019453
v 1.196646 -0.067721 0.999923
v 1.218711 -0.053553 1.015142
v 1.232488 -0.040411 1.038737
v 1.235877 -0.030296 1.067118
v 1.228364 -0.024748 1.095962
v 1.211090 -0.024611 1.120879
v 1.186688 -0.029906 1.138076
v 1.158871 -0.039828 1.144934
v 1.131875 -0.052865 1.140409
v 1.109809 -0.067033 1.125191
v 1.096033 -0.080174 1.101595
v 1.092643 -0.090289 1.073215
v 1.100157 -0.095838 1.044370
v 0.645840 -0.413440 0.708601
v 0.641267 -0.395027 0.705705
v 0.665169 -0.409682 0.695344
v 0.660983 -0.393470 0.692696
v 0.687415 -0.403041 0.690391
v 0.683930 -0.390653 0.688189
v 0.709190 -0.394525 0.694497
v 0.705433 -0.384100 0.692111
v 0.727179 -0.385433 0.707037
v 0.722584 -0.373134 0.704086
v 0.738644 -0.377148 0.726101
v 0.733136 -0.363155 0.722548
v 0.741838 -0.370932 0.748787
v 0.735731 -0.355528 0.744844
v 0.736277 -0.367731 0.771642
v 0.729817 -0.351516 0.767465
v 0.722806 -0.368032 0.791185
v 0.716405 -0.351716 0.786852
v 0.703476 -0.371789 0.804443
v 0.697360 -0.356104 0.800295
v 0.681230 -0.378431 0.809395
v 0.675653 -0.364018 0.805615
v 0.659455 -0.386946 0.805289
v 0.654793 -0.374129 0.802125
v 0.641466 -0.396038 0.792750
v 0.637645 -0.385096 0.790142
v 0.630002 -0.404323 0.773686
v 0.626361 -0.390950 0.771200
v 0.626807 -0.410539 0.750999
v 0.622561 -0.393668 0.748092
v 0.632369 -0.413741 0.728145
v 0.627845 -0.395097 0.725047
v 0.667904 -0.406978 0.703132
v 0.686974 -0.401284 0.698886
v 0.705640 -0.393984 0.702406
v 0.721061 -0.386190 0.713155
v 0.730888 -0.379088 0.729498
v 0.733627 -0.373759 0.748945
v 0.728860 -0.371015 0.768537
v 0.717312 -0.371273 0.785290
v 0.700742 -0.374494 0.796655
v 0.681672 -0.380188 0.800901
v 0.663006 -0.387487 0.797381
v 0.647585 -0.395281 0.786631
v 0.637757 -0.402383 0.770289
v 0.635018 -0.407712 0.750842
v 0.639786 -0.410456 0.731250
v 0.651334 -0.410199 0.714496
v 0.685479 -0.396997 0.697922
v 0.666409 -0.402691 0.702168
v 0.649839 -0.405912 0.713532
v 0.704145 -0.389698 0.701442
v 0.719566 -0.381903 0.712191
v 0.729394 -0.374801 0.728534
v 0.732133 -0.369472 0.747981
v 0.727365 -0.366728 0.767573
v 0.715817 -0.366986 0.784326
v 0.699247 -0.370207 0.795691
v 0.680177 -0.375901 0.799936
v 0.661511 -0.383200 0.796417
v 0.646090 -0.390994 0.785667
v 0.636262 -0.398097 0.769325
v 0.633524 -0.403425 0.749877
v 0.638291 -0.406170 0.730286
v 1.384855 -0.110046 0.344991
v 1.374720 -0.089113 0.342922
v 1.403157 -0.103976 0.316070
v 1.392634 -0.083038 0.313946
v 1.429612 -0.092601 0.296603
v 1.419119 -0.071731 0.294481
v 1.460191 -0.077655 0.289551
v 1.449827 -0.057077 0.287438
v 1.490240 -0.061412 0.295989
v 1.479828 -0.041436 0.293886
v 1.515183 -0.046346 0.314937
v 1.505057 -0.026931 0.312887
v 1.531225 -0.034749 0.343510
v 1.521104 -0.016064 0.341479
v 1.535921 -0.028389 0.377358
v 1.526088 -0.010201 0.375373
v 1.528558 -0.028232 0.411328
v 1.518985 -0.010400 0.409085
v 1.510256 -0.034302 0.440249
v 1.500787 -0.016620 0.438036
v 1.483801 -0.045677 0.459717
v 1.474541 -0.027799 0.457574
v 1.453222 -0.060623 0.466768
v 1.443823 -0.042459 0.464603
v 1.423173 -0.076866 0.460330
v 1.413732 -0.058145 0.458169
v 1.398230 -0.091932 0.441382
v 1.388533 -0.072636 0.439147
v 1.382188 -0.103529 0.412809
v 1.372218 -0.083642 0.410504
v 1.377492 -0.109889 0.378961
v 1.367567 -0.089333 0.376670
v 1.409998 -0.099526 0.324002
v 1.433073 -0.089604 0.307021
v 1.459746 -0.076567 0.300870
v 1.485956 -0.062399 0.306486
v 1.507713 -0.049258 0.323013
v 1.521705 -0.039143 0.347936
v 1.525802 -0.033594 0.377461
v 1.519379 -0.033457 0.407091
v 1.503415 -0.038753 0.432317
v 1.480340 -0.048674 0.449298
v 1.453667 -0.061711 0.455449
v 1.427457 -0.075879 0.449833
v 1.405700 -0.089021 0.433306
v 1.391708 -0.099136 0.408383
v 1.387611 -0.104684 0.378859
v 1.394034 -0.104821 0.349228
v 1.428512 -0.080758 0.305992
v 1.405437 -0.090679 0.322972
v 1.389473 -0.095975 0.348199
v 1.455185 -0.067721 0.299841
v 1.481395 -0.053553 0.305456
v 1.503152 -0.040411 0.321984
v 1.517144 -0.030296 0.346907
v 1.521240 -0.024748 0.376431
v 1.514818 -0.024611 0.406062
v 1.498854 -0.029907 0.431288
v 1.475779 -0.039828 0.448269
v 1.449106 -0.052865 0.454420
v 1.422896 -0.067033 0.448804
v 1.401139 -0.080174 0.432276
v 1.387147 -0.090290 0.407353
v 1.383050 -0.095838 0.377829
v 0.834822 -0.413440 0.241479
v 0.829489 -0.395027 0.240553
v 0.847607 -0.409683 0.221833
v 0.842726 -0.393470 0.220989
v 0.866264 -0.403041 0.208745
v 0.862202 -0.390653 0.208044
v 0.887953 -0.394525 0.204205
v 0.883569 -0.384100 0.203439
v 0.909371 -0.385433 0.208906
v 0.903997 -0.373134 0.207938
v 0.927259 -0.377148 0.222132
v 0.920810 -0.363155 0.220957
v 0.938892 -0.370932 0.241869
v 0.931740 -0.355528 0.240563
v 0.942500 -0.367731 0.265112
v 0.934934 -0.351516 0.263725
v 0.937533 -0.368032 0.288323
v 0.929961 -0.351716 0.286768
v 0.924748 -0.371789 0.307968
v 0.917510 -0.356104 0.306476
v 0.906091 -0.378431 0.321057
v 0.899492 -0.364018 0.319698
v 0.884402 -0.386946 0.325596
v 0.878883 -0.374130 0.324457
v 0.862984 -0.396038 0.320895
v 0.858456 -0.385096 0.319949
v 0.845097 -0.404323 0.307670
v 0.840782 -0.390950 0.306767
v 0.833463 -0.410540 0.287933
v 0.828428 -0.393668 0.286872
v 0.829856 -0.413741 0.264690
v 0.824491 -0.395097 0.263559
v 0.853114 -0.406978 0.227982
v 0.869107 -0.401284 0.216762
v 0.887700 -0.393984 0.212870
v 0.906060 -0.386190 0.216900
v 0.921394 -0.379088 0.228238
v 0.931366 -0.373759 0.245157
v 0.934459 -0.371015 0.265082
v 0.930201 -0.371273 0.284979
v 0.919242 -0.374494 0.301820
v 0.903248 -0.380188 0.313040
v 0.884656 -0.387487 0.316931
v 0.866295 -0.395281 0.312901
v 0.850962 -0.402383 0.301564
v 0.840989 -0.407712 0.284645
v 0.837896 -0.410457 0.264720
v 0.842154 -0.410199 0.244823
v 0.867357 -0.396997 0.216443
v 0.851364 -0.402691 0.227663
v 0.840405 -0.405912 0.244504
v 0.885950 -0.389698 0.212552
v 0.904310 -0.381904 0.216581
v 0.919644 -0.374801 0.227919
v 0.929616 -0.369473 0.244838
v 0.932709 -0.366728 0.264763
v 0.928452 -0.366986 0.284660
v 0.917492 -0.370207 0.301501
v 0.901498 -0.375901 0.312721
v 0.882906 -0.383200 0.316612
v 0.864546 -0.390995 0.312582
v 0.849212 -0.398097 0.301245
v 0.839240 -0.403425 0.284326
v 0.836147 -0.406170 0.264401
v 1.378436 -0.110047 -0.377263
v 1.368281 -0.089113 -0.375295
v 1.384277 -0.103976 -0.410985
v 1.373742 -0.083038 -0.408921
v 1.401268 -0.092601 -0.439095
v 1.390762 -0.071731 -0.437040
v 1.426821 -0.077655 -0.457312
v 1.416437 -0.057078 -0.455298
v 1.457046 -0.061412 -0.462863
v 1.446622 -0.041436 -0.460822
v 1.487342 -0.046346 -0.454903
v 1.477202 -0.026931 -0.452922
v 1.513097 -0.034750 -0.434644
v 1.502970 -0.016064 -0.432647
v 1.530389 -0.028389 -0.405169
v 1.520544 -0.010202 -0.403241
v 1.536586 -0.028232 -0.370967
v 1.526884 -0.010400 -0.369376
v 1.530744 -0.034303 -0.337244
v 1.521149 -0.016620 -0.335665
v 1.513754 -0.045677 -0.309135
v 1.504378 -0.027800 -0.307570
v 1.488201 -0.060623 -0.290918
v 1.478688 -0.042460 -0.289321
v 1.457975 -0.076866 -0.285367
v 1.448426 -0.058145 -0.283750
v 1.427679 -0.091932 -0.293327
v 1.417866 -0.072636 -0.291681
v 1.401925 -0.103529 -0.313586
v 1.391831 -0.083642 -0.311900
v 1.384633 -0.109890 -0.343060
v 1.374587 -0.089333 -0.341379
v 1.393633 -0.099526 -0.406275
v 1.408453 -0.089604 -0.430794
v 1.430741 -0.076567 -0.446684
v 1.457105 -0.062399 -0.451526
v 1.483531 -0.049258 -0.444583
v 1.505996 -0.039143 -0.426911
v 1.521079 -0.033594 -0.401202
v 1.526484 -0.033457 -0.371369
v 1.521389 -0.038753 -0.341954
v 1.506569 -0.048674 -0.317436
v 1.484280 -0.061711 -0.301546
v 1.457916 -0.075879 -0.296704
v 1.431490 -0.089021 -0.303647
v 1.409026 -0.099136 -0.321318
v 1.393942 -0.104684 -0.347027
v 1.388537 -0.104821 -0.376860
v 1.403845 -0.080758 -0.430000
v 1.389024 -0.090680 -0.405481
v 1.383929 -0.095975 -0.376066
v 1.426133 -0.067721 -0.445890
v 1.452497 -0.053553 -0.450732
v 1.478924 -0.040412 -0.443788
v 1.501388 -0.030297 -0.426117
v 1.516471 -0.024748 -0.400408
v 1.521876 -0.024611 -0.370575
v 1.516781 -0.029907 -0.341160
v 1.501961 -0.039828 -0.316641
v 1.479672 -0.052865 -0.300751
v 1.453308 -0.067033 -0.295909
v 1.426882 -0.080175 -0.302853
v 1.404418 -0.090290 -0.320524
v 1.389335 -0.095838 -0.346233
v 0.830659 -0.413440 -0.262407
v 0.825378 -0.395027 -0.261221
v 0.834953 -0.409683 -0.285449
v 0.830120 -0.393470 -0.284362
v 0.847181 -0.403041 -0.304682
v 0.843159 -0.390653 -0.303774
v 0.865482 -0.394526 -0.317175
v 0.861138 -0.384100 -0.316206
v 0.887069 -0.385433 -0.321029
v 0.881733 -0.373134 -0.319866
v 0.908656 -0.377149 -0.315655
v 0.902249 -0.363155 -0.314273
v 0.926956 -0.370932 -0.301872
v 0.919849 -0.355528 -0.300342
v 0.939184 -0.367731 -0.281779
v 0.931663 -0.351517 -0.280165
v 0.943478 -0.368032 -0.258434
v 0.935888 -0.351717 -0.256973
v 0.939184 -0.371789 -0.235392
v 0.931927 -0.356104 -0.234000
v 0.926956 -0.378431 -0.216160
v 0.920339 -0.364018 -0.214890
v 0.908656 -0.386946 -0.203666
v 0.903121 -0.374130 -0.202606
v 0.887069 -0.396038 -0.199812
v 0.882523 -0.385097 -0.198954
v 0.865482 -0.404323 -0.205186
v 0.861150 -0.390950 -0.204369
v 0.847181 -0.410540 -0.218969
v 0.842123 -0.393668 -0.218022
v 0.834953 -0.413741 -0.239062
v 0.829564 -0.395098 -0.238053
v 0.842393 -0.406978 -0.281876
v 0.852876 -0.401284 -0.298363
v 0.868564 -0.393985 -0.309073
v 0.887069 -0.386190 -0.312376
v 0.905574 -0.379088 -0.307769
v 0.921262 -0.373759 -0.295954
v 0.931744 -0.371015 -0.278730
v 0.935425 -0.371273 -0.258718
v 0.931744 -0.374494 -0.238965
v 0.921262 -0.380188 -0.222479
v 0.905574 -0.387487 -0.211768
v 0.887069 -0.395281 -0.208465
v 0.868564 -0.402383 -0.213072
v 0.852876 -0.407712 -0.224887
v 0.842393 -0.410457 -0.242111
v 0.838713 -0.410199 -0.262123
v 0.851137 -0.396997 -0.297988
v 0.840655 -0.402691 -0.281501
v 0.836974 -0.405912 -0.261748
v 0.866825 -0.389698 -0.308698
v 0.885330 -0.381904 -0.312001
v 0.903835 -0.374802 -0.307394
v 0.919523 -0.369473 -0.295579
v 0.930005 -0.366728 -0.278355
v 0.933686 -0.366986 -0.258343
v 0.930005 -0.370207 -0.238590
v 0.919523 -0.375901 -0.222104
v 0.903835 -0.383201 -0.211393
v 0.885330 -0.390995 -0.208090
v 0.866825 -0.398097 -0.212697
v 0.851137 -0.403426 -0.224512
v 0.840655 -0.406170 -0.241736
v 1.096111 -0.110047 -1.042081
v 1.087481 -0.089113 -1.036377
v 1.088602 -0.103976 -1.075472
v 1.079659 -0.083038 -1.069533
v 1.093542 -0.092602 -1.107944
v 1.084623 -0.071731 -1.102025
v 1.110179 -0.077655 -1.134553
v 1.101356 -0.057078 -1.128719
v 1.135979 -0.061413 -1.151248
v 1.127129 -0.041436 -1.145373
v 1.167015 -0.046346 -1.155488
v 1.158405 -0.026932 -1.149777
v 1.198563 -0.034750 -1.146627
v 1.189970 -0.016064 -1.140907
v 1.225817 -0.028389 -1.126013
v 1.217460 -0.010202 -1.120464
v 1.244631 -0.028232 -1.096786
v 1.236276 -0.010400 -1.091604
v 1.252140 -0.034303 -1.063395
v 1.243879 -0.016620 -1.058264
v 1.247199 -0.045677 -1.030923
v 1.239136 -0.027800 -1.025890
v 1.230563 -0.060623 -1.004314
v 1.222385 -0.042460 -0.999199
v 1.204762 -0.076866 -0.987619
v 1.196558 -0.058145 -0.982470
v 1.173727 -0.091933 -0.983379
v 1.165290 -0.072636 -0.978103
v 1.142179 -0.103529 -0.992240
v 1.133500 -0.083643 -0.986820
v 1.114924 -0.109890 -1.012854
v 1.106286 -0.089333 -1.007456
v 1.099048 -0.099526 -1.074701
v 1.103357 -0.089604 -1.103025
v 1.117868 -0.076567 -1.126235
v 1.140373 -0.062400 -1.140797
v 1.167444 -0.049258 -1.144495
v 1.194961 -0.039143 -1.136766
v 1.218735 -0.033595 -1.118786
v 1.235145 -0.033458 -1.093292
v 1.241694 -0.038753 -1.064166
v 1.237385 -0.048674 -1.035842
v 1.222874 -0.061711 -1.012632
v 1.200369 -0.075879 -0.998070
v 1.173298 -0.089021 -0.994372
v 1.145781 -0.099136 -1.002102
v 1.122007 -0.104684 -1.020082
v 1.105597 -0.104821 -1.045575
v 1.099404 -0.080758 -1.100528
v 1.095095 -0.090680 -1.072204
v 1.101644 -0.095975 -1.043078
v 1.113915 -0.067721 -1.123737
v 1.136420 -0.053553 -1.138300
v 1.163491 -0.040412 -1.141998
v 1.191008 -0.030297 -1.134268
v 1.214781 -0.024748 -1.116288
v 1.231192 -0.024612 -1.090795
v 1.237741 -0.029907 -1.061669
v 1.233432 -0.039828 -1.033345
v 1.218921 -0.052865 -1.010135
v 1.196416 -0.067033 -0.995573
v 1.169345 -0.080175 -0.991875
v 1.141828 -0.090290 -0.999604
v 1.118054 -0.095838 -1.017584
v 0.633984 -0.413440 -0.726343
v 0.629559 -0.395027 -0.723227
v 0.629133 -0.409683 -0.749275
v 0.625085 -0.393470 -0.746420
v 0.633071 -0.403041 -0.771722
v 0.629703 -0.390653 -0.769345
v 0.645197 -0.394526 -0.790269
v 0.641555 -0.384100 -0.787710
v 0.663666 -0.385433 -0.802090
v 0.659181 -0.373134 -0.798974
v 0.685667 -0.377149 -0.805386
v 0.680276 -0.363155 -0.801657
v 0.707849 -0.370932 -0.799656
v 0.701868 -0.355529 -0.795522
v 0.726835 -0.367731 -0.785771
v 0.720504 -0.351517 -0.781402
v 0.739736 -0.368032 -0.765847
v 0.733283 -0.351717 -0.761592
v 0.744587 -0.371789 -0.742915
v 0.738414 -0.356104 -0.738852
v 0.740649 -0.378431 -0.720468
v 0.735022 -0.364018 -0.716762
v 0.728523 -0.386946 -0.701921
v 0.723815 -0.374130 -0.698824
v 0.710054 -0.396039 -0.690100
v 0.706182 -0.385097 -0.687568
v 0.688054 -0.404323 -0.686804
v 0.684364 -0.390950 -0.684391
v 0.665872 -0.410540 -0.692534
v 0.661561 -0.393669 -0.689724
v 0.646885 -0.413741 -0.706419
v 0.642292 -0.395098 -0.703424
v 0.637375 -0.406978 -0.748821
v 0.640750 -0.401284 -0.768064
v 0.651145 -0.393985 -0.783962
v 0.666978 -0.386191 -0.794095
v 0.685837 -0.379088 -0.796921
v 0.704852 -0.373760 -0.792009
v 0.721128 -0.371015 -0.780107
v 0.732187 -0.371273 -0.763027
v 0.736346 -0.374494 -0.743369
v 0.732970 -0.380188 -0.724126
v 0.722575 -0.387487 -0.708228
v 0.706743 -0.395282 -0.698095
v 0.687883 -0.402384 -0.695269
v 0.668868 -0.407712 -0.700181
v 0.652592 -0.410457 -0.712083
v 0.641533 -0.410199 -0.729163
v 0.639287 -0.396997 -0.767052
v 0.635912 -0.402691 -0.747809
v 0.640071 -0.405912 -0.728151
v 0.649683 -0.389698 -0.782950
v 0.665515 -0.381904 -0.793084
v 0.684374 -0.374802 -0.795909
v 0.703389 -0.369473 -0.790997
v 0.719665 -0.366729 -0.779095
v 0.730724 -0.366986 -0.762015
v 0.734883 -0.370207 -0.742357
v 0.731507 -0.375901 -0.723114
v 0.721112 -0.383201 -0.707216
v 0.705280 -0.390995 -0.697083
v 0.686421 -0.398097 -0.694257
v 0.667406 -0.403426 -0.699169
v 0.651130 -0.406170 -0.711071
v 0.580861 -0.110047 -1.548252
v 0.575072 -0.089113 -1.539680
v 0.561146 -0.103976 -1.576228
v 0.555156 -0.083038 -1.567319
v 0.553284 -0.092602 -1.608119
v 0.547308 -0.071731 -1.599236
v 0.558471 -0.077655 -1.639069
v 0.552553 -0.057078 -1.630303
v 0.575918 -0.061413 -1.664366
v 0.569991 -0.041436 -1.655552
v 0.602970 -0.046346 -1.680160
v 0.597200 -0.026932 -1.671589
v 0.635506 -0.034750 -1.684046
v 0.629757 -0.016064 -1.675473
v 0.668575 -0.028389 -1.675432
v 0.662978 -0.010202 -1.667107
v 0.697141 -0.028232 -1.655629
v 0.691406 -0.010400 -1.647644
v 0.716857 -0.034303 -1.627653
v 0.711189 -0.016620 -1.619751
v 0.724719 -0.045677 -1.595762
v 0.719196 -0.027800 -1.588026
v 0.719532 -0.060624 -1.564812
v 0.713934 -0.042460 -1.556957
v 0.702084 -0.076866 -1.539515
v 0.696475 -0.058145 -1.531619
v 0.675033 -0.091933 -1.523721
v 0.669258 -0.072637 -1.515617
v 0.642496 -0.103529 -1.519835
v 0.636552 -0.083643 -1.511505
v 0.609428 -0.109890 -1.528449
v 0.603513 -0.089333 -1.520157
v 0.571092 -0.099526 -1.579513
v 0.564234 -0.089605 -1.607329
v 0.568758 -0.076568 -1.634326
v 0.583977 -0.062400 -1.656392
v 0.607572 -0.049258 -1.670168
v 0.635953 -0.039143 -1.673557
v 0.664797 -0.033595 -1.666044
v 0.689714 -0.033458 -1.648771
v 0.706911 -0.038753 -1.624368
v 0.713769 -0.048675 -1.596551
v 0.709244 -0.061711 -1.569555
v 0.694026 -0.075879 -1.547489
v 0.670430 -0.089021 -1.533713
v 0.642050 -0.099136 -1.530324
v 0.613205 -0.104684 -1.537837
v 0.588288 -0.104821 -1.555110
v 0.561537 -0.080758 -1.603510
v 0.568395 -0.090680 -1.575693
v 0.585592 -0.095975 -1.551290
v 0.566062 -0.067721 -1.630506
v 0.581280 -0.053554 -1.652572
v 0.604876 -0.040412 -1.666348
v 0.633256 -0.030297 -1.669738
v 0.662101 -0.024749 -1.662224
v 0.687018 -0.024612 -1.644951
v 0.704214 -0.029907 -1.620548
v 0.711073 -0.039828 -1.592732
v 0.706548 -0.052865 -1.565735
v 0.691329 -0.067033 -1.543669
v 0.667734 -0.080175 -1.529893
v 0.639353 -0.090290 -1.526504
v 0.610509 -0.095838 -1.534017
v 0.274740 -0.413440 -1.079700
v 0.271844 -0.395027 -1.075127
v 0.261483 -0.409683 -1.099030
v 0.258834 -0.393470 -1.094843
v 0.256530 -0.403041 -1.121276
v 0.254328 -0.390653 -1.117790
v 0.260636 -0.394526 -1.143050
v 0.258250 -0.384100 -1.139293
v 0.273176 -0.385434 -1.161039
v 0.270225 -0.373134 -1.156444
v 0.292240 -0.377149 -1.172504
v 0.288686 -0.363155 -1.166996
v 0.314926 -0.370932 -1.175699
v 0.310983 -0.355529 -1.169591
v 0.337781 -0.367731 -1.170137
v 0.333604 -0.351517 -1.163678
v 0.357324 -0.368032 -1.156666
v 0.352990 -0.351717 -1.150265
v 0.370582 -0.371789 -1.137336
v 0.366434 -0.356104 -1.131220
v 0.375534 -0.378431 -1.115091
v 0.371753 -0.364018 -1.109514
v 0.371428 -0.386946 -1.093316
v 0.368264 -0.374130 -1.088653
v 0.358889 -0.396039 -1.075327
v 0.356281 -0.385097 -1.071505
v 0.339824 -0.404324 -1.063862
v 0.337339 -0.390950 -1.060221
v 0.317138 -0.410540 -1.060668
v 0.314231 -0.393669 -1.056422
v 0.294284 -0.413741 -1.066229
v 0.291186 -0.395098 -1.061705
v 0.269271 -0.406978 -1.101764
v 0.265025 -0.401284 -1.120834
v 0.268545 -0.393985 -1.139500
v 0.279294 -0.386191 -1.154921
v 0.295636 -0.379089 -1.164749
v 0.315084 -0.373760 -1.167487
v 0.334676 -0.371015 -1.162720
v 0.351429 -0.371273 -1.151172
v 0.362794 -0.374494 -1.134602
v 0.367039 -0.380188 -1.115532
v 0.363519 -0.387488 -1.096866
v 0.352770 -0.395282 -1.081445
v 0.336428 -0.402384 -1.071617
v 0.316980 -0.407713 -1.068879
v 0.297389 -0.410457 -1.073646
v 0.280635 -0.410199 -1.085194
v 0.264061 -0.396997 -1.119339
v 0.268306 -0.402691 -1.100270
v 0.279671 -0.405912 -1.083700
v 0.267581 -0.389698 -1.138006
v 0.278330 -0.381904 -1.153426
v 0.294672 -0.374802 -1.163254
v 0.314120 -0.369473 -1.165993
v 0.333711 -0.366729 -1.161225
v 0.350465 -0.366987 -1.149677
v 0.361829 -0.370208 -1.133107
v 0.366075 -0.375901 -1.114038
v 0.362555 -0.383201 -1.095371
v 0.351806 -0.390995 -1.079950
v 0.335464 -0.398097 -1.070123
v 0.316016 -0.403426 -1.067384
v 0.296424 -0.406170 -1.072152
v -0.088870 -0.110047 -1.818716
v -0.090939 -0.089113 -1.808580
v -0.117791 -0.103976 -1.837017
v -0.119915 -0.083038 -1.826494
v -0.137259 -0.092602 -1.863472
v -0.139380 -0.071732 -1.852979
v -0.144310 -0.077656 -1.894051
v -0.146424 -0.057078 -1.883687
v -0.137872 -0.061413 -1.924099
v -0.139976 -0.041436 -1.913687
v -0.118924 -0.046346 -1.949043
v -0.120974 -0.026932 -1.938917
v -0.090351 -0.034750 -1.965085
v -0.092382 -0.016065 -1.954964
v -0.056503 -0.028389 -1.969781
v -0.058489 -0.010202 -1.959948
v -0.022533 -0.028232 -1.962417
v -0.024776 -0.010400 -1.952845
v 0.006387 -0.034303 -1.944115
v 0.004175 -0.016620 -1.934646
v 0.025855 -0.045677 -1.917661
v 0.023713 -0.027800 -1.908401
v 0.032907 -0.060624 -1.887082
v 0.030742 -0.042460 -1.877683
v 0.026469 -0.076866 -1.857033
v 0.024308 -0.058145 -1.847592
v 0.007521 -0.091933 -1.832089
v 0.005286 -0.072637 -1.822393
v -0.021052 -0.103529 -1.816048
v -0.023357 -0.083643 -1.806078
v -0.054900 -0.109890 -1.811352
v -0.057192 -0.089333 -1.801427
v -0.109859 -0.099526 -1.843858
v -0.126840 -0.089605 -1.866933
v -0.132991 -0.076568 -1.893606
v -0.127375 -0.062400 -1.919816
v -0.110848 -0.049258 -1.941573
v -0.085925 -0.039143 -1.955565
v -0.056401 -0.033595 -1.959662
v -0.026770 -0.033458 -1.953239
v -0.001544 -0.038753 -1.937275
v 0.015437 -0.048675 -1.914200
v 0.021588 -0.061712 -1.887527
v 0.015972 -0.075879 -1.861317
v -0.000556 -0.089021 -1.839560
v -0.025479 -0.099136 -1.825568
v -0.055003 -0.104684 -1.821471
v -0.084633 -0.104821 -1.827894
v -0.127870 -0.080759 -1.862372
v -0.110889 -0.090680 -1.839297
v -0.085663 -0.095975 -1.823333
v -0.134021 -0.067722 -1.889045
v -0.128405 -0.053554 -1.915255
v -0.111877 -0.040412 -1.937012
v -0.086954 -0.030297 -1.951004
v -0.057430 -0.024749 -1.955101
v -0.027800 -0.024612 -1.948678
v -0.002574 -0.029907 -1.932714
v 0.014407 -0.039829 -1.909639
v 0.020558 -0.052865 -1.882966
v 0.014942 -0.067033 -1.856755
v -0.001585 -0.080175 -1.834999
v -0.026508 -0.090290 -1.821007
v -0.056032 -0.095838 -1.816910
v -0.192383 -0.413440 -1.268682
v -0.193308 -0.395027 -1.263350
v -0.212028 -0.409683 -1.281467
v -0.212872 -0.393470 -1.276586
v -0.225117 -0.403041 -1.300124
v -0.225817 -0.390653 -1.296062
v -0.229656 -0.394526 -1.321813
v -0.230423 -0.384100 -1.317429
v -0.224955 -0.385434 -1.343232
v -0.225923 -0.373134 -1.337857
v -0.211729 -0.377149 -1.361119
v -0.212905 -0.363155 -1.354671
v -0.191993 -0.370932 -1.372752
v -0.193298 -0.355529 -1.365600
v -0.168749 -0.367731 -1.376360
v -0.170136 -0.351517 -1.368794
v -0.145538 -0.368032 -1.371393
v -0.147093 -0.351717 -1.363822
v -0.125893 -0.371789 -1.358608
v -0.127385 -0.356104 -1.351371
v -0.112804 -0.378431 -1.339951
v -0.114163 -0.364018 -1.333352
v -0.108265 -0.386947 -1.318263
v -0.109404 -0.374130 -1.312744
v -0.112966 -0.396039 -1.296844
v -0.113912 -0.385097 -1.292316
v -0.126191 -0.404324 -1.278957
v -0.127094 -0.390950 -1.274642
v -0.145928 -0.410540 -1.267324
v -0.146989 -0.393669 -1.262288
v -0.169172 -0.413741 -1.263716
v -0.170302 -0.395098 -1.258351
v -0.205879 -0.406978 -1.286974
v -0.217099 -0.401284 -1.302968
v -0.220991 -0.393985 -1.321560
v -0.216961 -0.386191 -1.339920
v -0.205623 -0.379089 -1.355254
v -0.188704 -0.373760 -1.365226
v -0.168780 -0.371015 -1.368319
v -0.148882 -0.371273 -1.364062
v -0.132042 -0.374494 -1.353102
v -0.120822 -0.380188 -1.337108
v -0.116930 -0.387488 -1.318516
v -0.120960 -0.395282 -1.300155
v -0.132297 -0.402384 -1.284822
v -0.149216 -0.407713 -1.274850
v -0.169141 -0.410457 -1.271757
v -0.189039 -0.410199 -1.276014
v -0.217418 -0.396998 -1.301218
v -0.206198 -0.402691 -1.285224
v -0.189358 -0.405912 -1.274265
v -0.221310 -0.389698 -1.319810
v -0.217280 -0.381904 -1.338171
v -0.205942 -0.374802 -1.353504
v -0.189023 -0.369473 -1.363476
v -0.169098 -0.366729 -1.366569
v -0.149201 -0.366987 -1.362312
v -0.132360 -0.370208 -1.351352
v -0.121140 -0.375901 -1.335358
v -0.117249 -0.383201 -1.316766
v -0.121279 -0.390995 -1.298406
v -0.132616 -0.398097 -1.283072
v -0.149535 -0.403426 -1.273100
v -0.169460 -0.406170 -1.270007
v -0.811123 -0.110047 -1.812296
v -0.809156 -0.089113 -1.802140
v -0.844846 -0.103976 -1.818137
v -0.842782 -0.083038 -1.807602
v -0.872956 -0.092602 -1.835128
v -0.870901 -0.071732 -1.824622
v -0.891173 -0.077656 -1.860681
v -0.889159 -0.057078 -1.850297
v -0.896724 -0.061413 -1.890906
v -0.894683 -0.041436 -1.880481
v -0.888764 -0.046346 -1.921202
v -0.886783 -0.026932 -1.911062
v -0.868505 -0.034750 -1.946957
v -0.866508 -0.016065 -1.936829
v -0.839030 -0.028389 -1.964248
v -0.837102 -0.010202 -1.954404
v -0.804828 -0.028232 -1.970445
v -0.803237 -0.010400 -1.960743
v -0.771105 -0.034303 -1.964604
v -0.769526 -0.016620 -1.955009
v -0.742996 -0.045677 -1.947613
v -0.741431 -0.027800 -1.938238
v -0.724779 -0.060624 -1.922060
v -0.723182 -0.042460 -1.912548
v -0.719228 -0.076867 -1.891835
v -0.717611 -0.058146 -1.882285
v -0.727188 -0.091933 -1.861539
v -0.725542 -0.072637 -1.851725
v -0.747447 -0.103529 -1.835784
v -0.745761 -0.083643 -1.825691
v -0.776921 -0.109890 -1.818493
v -0.775240 -0.089333 -1.808447
v -0.840136 -0.099526 -1.827492
v -0.864655 -0.089605 -1.842312
v -0.880545 -0.076568 -1.864601
v -0.885387 -0.062400 -1.890965
v -0.878444 -0.049258 -1.917391
v -0.860772 -0.039143 -1.939856
v -0.835063 -0.033595 -1.954939
v -0.805230 -0.033458 -1.960344
v -0.775815 -0.038753 -1.955249
v -0.751297 -0.048675 -1.940429
v -0.735407 -0.061712 -1.918140
v -0.730565 -0.075879 -1.891776
v -0.737508 -0.089021 -1.865350
v -0.755179 -0.099136 -1.842885
v -0.780888 -0.104685 -1.827802
v -0.810721 -0.104821 -1.822397
v -0.863861 -0.080759 -1.837705
v -0.839342 -0.090680 -1.822884
v -0.809927 -0.095975 -1.817789
v -0.879751 -0.067722 -1.859993
v -0.884593 -0.053554 -1.886357
v -0.877649 -0.040412 -1.912783
v -0.859978 -0.030297 -1.935248
v -0.834269 -0.024749 -1.950331
v -0.804436 -0.024612 -1.955736
v -0.775021 -0.029907 -1.950641
v -0.750502 -0.039829 -1.935821
v -0.734612 -0.052866 -1.913532
v -0.729770 -0.067033 -1.887168
v -0.736714 -0.080175 -1.860742
v -0.754385 -0.090290 -1.838278
v -0.780094 -0.095838 -1.823194
v -0.696268 -0.413440 -1.264519
v -0.695082 -0.395028 -1.259238
v -0.719310 -0.409683 -1.268813
v -0.718222 -0.393470 -1.263980
v -0.738542 -0.403041 -1.281041
v -0.737635 -0.390653 -1.277020
v -0.751036 -0.394526 -1.299342
v -0.750066 -0.384100 -1.294998
v -0.754890 -0.385434 -1.320929
v -0.753727 -0.373134 -1.315593
v -0.749516 -0.377149 -1.342516
v -0.748134 -0.363155 -1.336109
v -0.735733 -0.370933 -1.360816
v -0.734203 -0.355529 -1.353709
v -0.715640 -0.367731 -1.373044
v -0.714026 -0.351517 -1.365523
v -0.692295 -0.368032 -1.377338
v -0.690834 -0.351717 -1.369748
v -0.669253 -0.371790 -1.373044
v -0.667861 -0.356104 -1.365787
v -0.650021 -0.378431 -1.360816
v -0.648750 -0.364018 -1.354199
v -0.637527 -0.386947 -1.342516
v -0.636467 -0.374130 -1.336981
v -0.633673 -0.396039 -1.320929
v -0.632815 -0.385097 -1.316383
v -0.639047 -0.404324 -1.299342
v -0.638230 -0.390950 -1.295010
v -0.652830 -0.410540 -1.281041
v -0.651883 -0.393669 -1.275983
v -0.672923 -0.413741 -1.268813
v -0.671914 -0.395098 -1.263424
v -0.715737 -0.406978 -1.276253
v -0.732223 -0.401284 -1.286736
v -0.742934 -0.393985 -1.302424
v -0.746237 -0.386191 -1.320929
v -0.741630 -0.379089 -1.339434
v -0.729815 -0.373760 -1.355122
v -0.712591 -0.371015 -1.365604
v -0.692579 -0.371273 -1.369285
v -0.672826 -0.374494 -1.365604
v -0.656340 -0.380188 -1.355122
v -0.645629 -0.387488 -1.339434
v -0.642326 -0.395282 -1.320929
v -0.646933 -0.402384 -1.302424
v -0.658748 -0.407713 -1.286736
v -0.675972 -0.410457 -1.276253
v -0.695984 -0.410199 -1.272573
v -0.731848 -0.396998 -1.284997
v -0.715362 -0.402691 -1.274515
v -0.695609 -0.405912 -1.270834
v -0.742558 -0.389698 -1.300685
v -0.745862 -0.381904 -1.319190
v -0.741255 -0.374802 -1.337695
v -0.729440 -0.369473 -1.353383
v -0.712216 -0.366729 -1.363865
v -0.692204 -0.366987 -1.367546
v -0.672451 -0.370208 -1.363865
v -0.655964 -0.375901 -1.353383
v -0.645254 -0.383201 -1.337695
v -0.641951 -0.390995 -1.319190
v -0.646558 -0.398097 -1.300685
v -0.658373 -0.403426 -1.284997
v -0.675597 -0.406170 -1.274515
v -1.475942 -0.110047 -1.529971
v -1.470238 -0.089113 -1.521341
v -1.509333 -0.103976 -1.522462
v -1.503394 -0.083038 -1.513519
v -1.541805 -0.092602 -1.527402
v -1.535885 -0.071732 -1.518483
v -1.568414 -0.077656 -1.544039
v -1.562580 -0.057078 -1.535216
v -1.585109 -0.061413 -1.569839
v -1.579234 -0.041437 -1.560989
v -1.589349 -0.046346 -1.600875
v -1.583638 -0.026932 -1.592265
v -1.580487 -0.034750 -1.632422
v -1.574767 -0.016065 -1.623830
v -1.559874 -0.028389 -1.659677
v -1.554325 -0.010202 -1.651320
v -1.530647 -0.028232 -1.678491
v -1.525464 -0.010400 -1.670136
v -1.497255 -0.034303 -1.685999
v -1.492124 -0.016620 -1.677739
v -1.464784 -0.045677 -1.681059
v -1.459750 -0.027800 -1.672996
v -1.438174 -0.060624 -1.664422
v -1.433059 -0.042460 -1.656245
v -1.421479 -0.076867 -1.638622
v -1.416331 -0.058146 -1.630418
v -1.417240 -0.091933 -1.607587
v -1.411964 -0.072637 -1.599149
v -1.426101 -0.103529 -1.576039
v -1.420680 -0.083643 -1.567359
v -1.446714 -0.109890 -1.548784
v -1.441317 -0.089333 -1.540146
v -1.508561 -0.099526 -1.532907
v -1.536885 -0.089605 -1.537217
v -1.560095 -0.076568 -1.551728
v -1.574658 -0.062400 -1.574232
v -1.578356 -0.049258 -1.601304
v -1.570626 -0.039143 -1.628821
v -1.552646 -0.033595 -1.652594
v -1.527153 -0.033458 -1.669005
v -1.498027 -0.038753 -1.675554
v -1.469703 -0.048675 -1.671245
v -1.446493 -0.061712 -1.656733
v -1.431931 -0.075880 -1.634229
v -1.428233 -0.089021 -1.607158
v -1.435962 -0.099136 -1.579641
v -1.453942 -0.104685 -1.555867
v -1.479436 -0.104821 -1.539457
v -1.534388 -0.080759 -1.533264
v -1.506064 -0.090680 -1.528954
v -1.476938 -0.095975 -1.535504
v -1.557598 -0.067722 -1.547775
v -1.572160 -0.053554 -1.570279
v -1.575858 -0.040412 -1.597351
v -1.568129 -0.030297 -1.624868
v -1.550149 -0.024749 -1.648641
v -1.524655 -0.024612 -1.665051
v -1.495530 -0.029907 -1.671600
v -1.467206 -0.039829 -1.667292
v -1.443996 -0.052866 -1.652780
v -1.429433 -0.067033 -1.630276
v -1.425735 -0.080175 -1.603205
v -1.433465 -0.090290 -1.575688
v -1.451445 -0.095838 -1.551914
v -1.160204 -0.413441 -1.067845
v -1.157087 -0.395028 -1.063419
v -1.183136 -0.409683 -1.062993
v -1.180281 -0.393470 -1.058944
v -1.205583 -0.403041 -1.066931
v -1.203206 -0.390653 -1.063563
v -1.224129 -0.394526 -1.079057
v -1.221571 -0.384100 -1.075415
v -1.235950 -0.385434 -1.097526
v -1.232834 -0.373134 -1.093042
v -1.239247 -0.377149 -1.119527
v -1.235518 -0.363155 -1.114136
v -1.233516 -0.370933 -1.141708
v -1.229383 -0.355529 -1.135728
v -1.219632 -0.367731 -1.160695
v -1.215263 -0.351517 -1.154364
v -1.199708 -0.368032 -1.173596
v -1.195453 -0.351717 -1.167143
v -1.176776 -0.371790 -1.178447
v -1.172713 -0.356104 -1.172274
v -1.154328 -0.378431 -1.174509
v -1.150623 -0.364018 -1.168882
v -1.135782 -0.386947 -1.162383
v -1.132685 -0.374130 -1.157675
v -1.123961 -0.396039 -1.143914
v -1.121428 -0.385097 -1.140042
v -1.120665 -0.404324 -1.121914
v -1.118252 -0.390950 -1.118224
v -1.126395 -0.410540 -1.099732
v -1.123585 -0.393669 -1.095421
v -1.140279 -0.413741 -1.080745
v -1.137285 -0.395098 -1.076152
v -1.182682 -0.406978 -1.071235
v -1.201924 -0.401284 -1.074610
v -1.217823 -0.393985 -1.085005
v -1.227956 -0.386191 -1.100838
v -1.230782 -0.379089 -1.119697
v -1.225870 -0.373760 -1.138712
v -1.213968 -0.371016 -1.154988
v -1.196888 -0.371273 -1.166047
v -1.177230 -0.374495 -1.170205
v -1.157987 -0.380188 -1.166830
v -1.142089 -0.387488 -1.156435
v -1.131955 -0.395282 -1.140603
v -1.129129 -0.402384 -1.121743
v -1.134042 -0.407713 -1.102728
v -1.145944 -0.410457 -1.086452
v -1.163024 -0.410199 -1.075393
v -1.200913 -0.396998 -1.073147
v -1.181670 -0.402691 -1.069772
v -1.162012 -0.405912 -1.073931
v -1.216811 -0.389698 -1.083543
v -1.226944 -0.381904 -1.099375
v -1.229770 -0.374802 -1.118234
v -1.224858 -0.369473 -1.137249
v -1.212956 -0.366729 -1.153525
v -1.195876 -0.366987 -1.164584
v -1.176218 -0.370208 -1.168743
v -1.156975 -0.375901 -1.165367
v -1.141077 -0.383201 -1.154972
v -1.130943 -0.390995 -1.139140
v -1.128118 -0.398097 -1.120281
v -1.133030 -0.403426 -1.101266
v -1.144932 -0.406170 -1.084990
v -1.982112 -0.110047 -1.014721
v -1.973540 -0.089113 -1.008932
v -2.010088 -0.103976 -0.995006
v -2.001179 -0.083038 -0.989016
v -2.041979 -0.092602 -0.987144
v -2.033097 -0.071732 -0.981168
v -2.072929 -0.077656 -0.992331
v -2.064163 -0.057078 -0.986413
v -2.098227 -0.061413 -1.009778
v -2.089412 -0.041437 -1.003850
v -2.114020 -0.046347 -1.036829
v -2.105450 -0.026932 -1.031060
v -2.117906 -0.034750 -1.069366
v -2.109334 -0.016065 -1.063617
v -2.109292 -0.028389 -1.102435
v -2.100967 -0.010202 -1.096838
v -2.089489 -0.028232 -1.131001
v -2.081504 -0.010400 -1.125266
v -2.061513 -0.034303 -1.150716
v -2.053612 -0.016620 -1.145049
v -2.029623 -0.045678 -1.158579
v -2.021887 -0.027800 -1.153056
v -1.998672 -0.060624 -1.153391
v -1.990817 -0.042460 -1.147794
v -1.973375 -0.076867 -1.135944
v -1.965479 -0.058146 -1.130335
v -1.957581 -0.091933 -1.108893
v -1.949478 -0.072637 -1.103117
v -1.953695 -0.103529 -1.076356
v -1.945366 -0.083643 -1.070412
v -1.962309 -0.109890 -1.043288
v -1.954017 -0.089333 -1.037373
v -2.013373 -0.099526 -1.004952
v -2.041190 -0.089605 -0.998094
v -2.068186 -0.076568 -1.002618
v -2.090252 -0.062400 -1.017837
v -2.104028 -0.049258 -1.041432
v -2.107418 -0.039143 -1.069813
v -2.099904 -0.033595 -1.098657
v -2.082631 -0.033458 -1.123574
v -2.058228 -0.038753 -1.140771
v -2.030412 -0.048675 -1.147629
v -2.003415 -0.061712 -1.143104
v -1.981349 -0.075880 -1.127886
v -1.967573 -0.089021 -1.104290
v -1.964184 -0.099136 -1.075910
v -1.971697 -0.104685 -1.047065
v -1.988970 -0.104821 -1.022148
v -2.037370 -0.080759 -0.995397
v -2.009553 -0.090680 -1.002255
v -1.985150 -0.095975 -1.019452
v -2.064366 -0.067722 -0.999922
v -2.086432 -0.053554 -1.015140
v -2.100208 -0.040412 -1.038736
v -2.103598 -0.030297 -1.067116
v -2.096084 -0.024749 -1.095960
v -2.078811 -0.024612 -1.120878
v -2.054409 -0.029907 -1.138074
v -2.026592 -0.039829 -1.144933
v -1.999595 -0.052866 -1.140408
v -1.977529 -0.067033 -1.125189
v -1.963753 -0.080175 -1.101594
v -1.960364 -0.090290 -1.073213
v -1.967878 -0.095839 -1.044369
v -1.513561 -0.413441 -0.708600
v -1.508988 -0.395028 -0.705704
v -1.532890 -0.409683 -0.695343
v -1.528703 -0.393470 -0.692695
v -1.555136 -0.403041 -0.690390
v -1.551651 -0.390653 -0.688188
v -1.576911 -0.394526 -0.694496
v -1.573153 -0.384100 -0.692110
v -1.594900 -0.385434 -0.707036
v -1.590305 -0.373134 -0.704085
v -1.606364 -0.377149 -0.726100
v -1.600857 -0.363155 -0.722546
v -1.609559 -0.370933 -0.748786
v -1.603451 -0.355529 -0.744843
v -1.603998 -0.367731 -0.771641
v -1.597538 -0.351517 -0.767464
v -1.590526 -0.368032 -0.791184
v -1.584126 -0.351717 -0.786850
v -1.571197 -0.371790 -0.804441
v -1.565081 -0.356104 -0.800294
v -1.548951 -0.378431 -0.809394
v -1.543374 -0.364018 -0.805613
v -1.527176 -0.386947 -0.805288
v -1.522513 -0.374130 -0.802124
v -1.509187 -0.396039 -0.792749
v -1.505366 -0.385097 -0.790141
v -1.497723 -0.404324 -0.773685
v -1.494081 -0.390950 -0.771199
v -1.494528 -0.410540 -0.750998
v -1.490282 -0.393669 -0.748091
v -1.500089 -0.413741 -0.728144
v -1.495566 -0.395098 -0.725046
v -1.535625 -0.406978 -0.703131
v -1.554695 -0.401284 -0.698885
v -1.573361 -0.393985 -0.702405
v -1.588781 -0.386191 -0.713154
v -1.598609 -0.379089 -0.729496
v -1.601348 -0.373760 -0.748944
v -1.596580 -0.371016 -0.768536
v -1.585032 -0.371274 -0.785289
v -1.568462 -0.374495 -0.796654
v -1.549392 -0.380188 -0.800899
v -1.530726 -0.387488 -0.797379
v -1.515306 -0.395282 -0.786630
v -1.505478 -0.402384 -0.770288
v -1.502739 -0.407713 -0.750840
v -1.507507 -0.410457 -0.731249
v -1.519055 -0.410199 -0.714495
v -1.553200 -0.396998 -0.697921
v -1.534130 -0.402691 -0.702167
v -1.517560 -0.405912 -0.713531
v -1.571866 -0.389698 -0.701441
v -1.587287 -0.381904 -0.712190
v -1.597115 -0.374802 -0.728532
v -1.599853 -0.369473 -0.747980
v -1.595086 -0.366729 -0.767571
v -1.583538 -0.366987 -0.784325
v -1.566968 -0.370208 -0.795689
v -1.547898 -0.375901 -0.799935
v -1.529232 -0.383201 -0.796415
v -1.513811 -0.390995 -0.785666
v -1.503983 -0.398097 -0.769324
v -1.501245 -0.403426 -0.749876
v -1.506012 -0.406170 -0.730285
v -2.252575 -0.110047 -0.344990
v -2.242440 -0.089113 -0.342921
v -2.270877 -0.103976 -0.316069
v -2.260354 -0.083038 -0.313945
v -2.297331 -0.092602 -0.296601
v -2.286839 -0.071732 -0.294480
v -2.327911 -0.077656 -0.289550
v -2.317547 -0.057078 -0.287437
v -2.357959 -0.061413 -0.295988
v -2.347547 -0.041437 -0.293885
v -2.382903 -0.046347 -0.314936
v -2.372777 -0.026932 -0.312886
v -2.398944 -0.034750 -0.343509
v -2.388824 -0.016065 -0.341478
v -2.403641 -0.028389 -0.377357
v -2.393807 -0.010202 -0.375372
v -2.396277 -0.028232 -0.411327
v -2.386705 -0.010400 -0.409084
v -2.377975 -0.034303 -0.440248
v -2.368506 -0.016621 -0.438035
v -2.351521 -0.045678 -0.459715
v -2.342260 -0.027800 -0.457573
v -2.320942 -0.060624 -0.466767
v -2.311543 -0.042460 -0.464602
v -2.290893 -0.076867 -0.460329
v -2.281451 -0.058146 -0.458168
v -2.265949 -0.091933 -0.441381
v -2.256253 -0.072637 -0.439146
v -2.249908 -0.103529 -0.412808
v -2.239938 -0.083643 -0.410503
v -2.245212 -0.109890 -0.378960
v -2.235287 -0.089333 -0.376669
v -2.277718 -0.099526 -0.324001
v -2.300792 -0.089605 -0.307020
v -2.327466 -0.076568 -0.300869
v -2.353676 -0.062400 -0.306485
v -2.375433 -0.049258 -0.323012
v -2.389425 -0.039143 -0.347935
v -2.393521 -0.033595 -0.377460
v -2.387099 -0.033458 -0.407090
v -2.371135 -0.038753 -0.432316
v -2.348060 -0.048675 -0.449297
v -2.321387 -0.061712 -0.455448
v -2.295177 -0.075880 -0.449832
v -2.273419 -0.089021 -0.433305
v -2.259428 -0.099136 -0.408382
v -2.255331 -0.104685 -0.378857
v -2.261754 -0.104822 -0.349227
v -2.296232 -0.080759 -0.305991
v -2.273156 -0.090680 -0.322971
v -2.257193 -0.095975 -0.348197
v -2.322904 -0.067722 -0.299840
v -2.349114 -0.053554 -0.305455
v -2.370872 -0.040412 -0.321983
v -2.384864 -0.030297 -0.346906
v -2.388960 -0.024749 -0.376430
v -2.382538 -0.024612 -0.406061
v -2.366574 -0.029907 -0.431287
v -2.343499 -0.039829 -0.448268
v -2.316826 -0.052866 -0.454418
v -2.290615 -0.067033 -0.448802
v -2.268858 -0.080175 -0.432275
v -2.254867 -0.090290 -0.407352
v -2.250770 -0.095839 -0.377828
v -1.702543 -0.413441 -0.241478
v -1.697210 -0.395028 -0.240552
v -1.715328 -0.409683 -0.221832
v -1.710446 -0.393470 -0.220988
v -1.733985 -0.403041 -0.208744
v -1.729922 -0.390653 -0.208043
v -1.755673 -0.394526 -0.204204
v -1.751289 -0.384100 -0.203438
v -1.777092 -0.385434 -0.208905
v -1.771717 -0.373134 -0.207937
v -1.794979 -0.377149 -0.222131
v -1.788531 -0.363155 -0.220956
v -1.806612 -0.370933 -0.241868
v -1.799460 -0.355529 -0.240562
v -1.810220 -0.367731 -0.265111
v -1.802654 -0.351517 -0.263724
v -1.805254 -0.368032 -0.288322
v -1.797682 -0.351717 -0.286768
v -1.792468 -0.371790 -0.307967
v -1.785231 -0.356104 -0.306476
v -1.773811 -0.378431 -0.321056
v -1.767212 -0.364018 -0.319697
v -1.752123 -0.386947 -0.325595
v -1.746604 -0.374130 -0.324456
v -1.730704 -0.396039 -0.320894
v -1.726176 -0.385097 -0.319948
v -1.712817 -0.404324 -0.307669
v -1.708502 -0.390951 -0.306766
v -1.701184 -0.410540 -0.287932
v -1.696149 -0.393669 -0.286871
v -1.697576 -0.413741 -0.264689
v -1.692211 -0.395098 -0.263559
v -1.720834 -0.406978 -0.227981
v -1.736828 -0.401284 -0.216761
v -1.755420 -0.393985 -0.212870
v -1.773780 -0.386191 -0.216899
v -1.789114 -0.379089 -0.228237
v -1.799086 -0.373760 -0.245156
v -1.802179 -0.371016 -0.265081
v -1.797922 -0.371274 -0.284978
v -1.786962 -0.374495 -0.301819
v -1.770969 -0.380188 -0.313039
v -1.752376 -0.387488 -0.316930
v -1.734016 -0.395282 -0.312900
v -1.718682 -0.402384 -0.301563
v -1.708710 -0.407713 -0.284644
v -1.705617 -0.410457 -0.264719
v -1.709874 -0.410199 -0.244822
v -1.735078 -0.396998 -0.216442
v -1.719085 -0.402691 -0.227662
v -1.708125 -0.405912 -0.244503
v -1.753670 -0.389698 -0.212551
v -1.772031 -0.381904 -0.216581
v -1.787364 -0.374802 -0.227918
v -1.797337 -0.369473 -0.244837
v -1.800429 -0.366729 -0.264762
v -1.796172 -0.366987 -0.284659
v -1.785212 -0.370208 -0.301500
v -1.769219 -0.375901 -0.312720
v -1.750626 -0.383201 -0.316611
v -1.732266 -0.390995 -0.312582
v -1.716932 -0.398097 -0.301244
v -1.706960 -0.403426 -0.284325
v -1.703867 -0.406170 -0.264400
v -2.246156 -0.110047 0.377263
v -2.236000 -0.089113 0.375295
v -2.251997 -0.103976 0.410986
v -2.241462 -0.083038 0.408921
v -2.268987 -0.092602 0.439095
v -2.258482 -0.071732 0.437040
v -2.294541 -0.077656 0.457312
v -2.284157 -0.057078 0.455299
v -2.324766 -0.061413 0.462863
v -2.314341 -0.041437 0.460822
v -2.355062 -0.046347 0.454903
v -2.344922 -0.026932 0.452922
v -2.380816 -0.034750 0.434644
v -2.370689 -0.016065 0.432647
v -2.398108 -0.028389 0.405169
v -2.388264 -0.010202 0.403241
v -2.404305 -0.028232 0.370968
v -2.394603 -0.010401 0.369377
v -2.398463 -0.034303 0.337245
v -2.388869 -0.016621 0.335665
v -2.381473 -0.045678 0.309135
v -2.372097 -0.027800 0.307570
v -2.355920 -0.060624 0.290918
v -2.346407 -0.042460 0.289322
v -2.325695 -0.076867 0.285367
v -2.316145 -0.058146 0.283750
v -2.295399 -0.091933 0.293327
v -2.285585 -0.072637 0.291681
v -2.269644 -0.103529 0.313587
v -2.259551 -0.083643 0.311900
v -2.252352 -0.109890 0.343061
v -2.242306 -0.089333 0.341380
v -2.261352 -0.099526 0.406276
v -2.276172 -0.089605 0.430794
v -2.298461 -0.076568 0.446684
v -2.324825 -0.062400 0.451526
v -2.351251 -0.049258 0.444583
v -2.373715 -0.039143 0.426912
v -2.388798 -0.033595 0.401203
v -2.394204 -0.033458 0.371370
v -2.389108 -0.038753 0.341955
v -2.374288 -0.048675 0.317436
v -2.351999 -0.061712 0.301546
v -2.325635 -0.075880 0.296704
v -2.299210 -0.089021 0.303647
v -2.276745 -0.099136 0.321319
v -2.261662 -0.104685 0.347028
v -2.256257 -0.104822 0.376861
v -2.271564 -0.080759 0.430000
v -2.256744 -0.090680 0.405481
v -2.251649 -0.095975 0.376066
v -2.293853 -0.067722 0.445890
v -2.320217 -0.053554 0.450732
v -2.346643 -0.040412 0.443789
v -2.369107 -0.030297 0.426117
v -2.384191 -0.024749 0.400408
v -2.389596 -0.024612 0.370575
v -2.384501 -0.029907 0.341160
v -2.369681 -0.039829 0.316642
v -2.347392 -0.052866 0.300752
v -2.321027 -0.067034 0.295910
v -2.294602 -0.080175 0.302853
v -2.272137 -0.090290 0.320524
v -2.257054 -0.095839 0.346234
v -1.698379 -0.413441 0.262407
v -1.693098 -0.395028 0.261221
v -1.702673 -0.409683 0.285450
v -1.697840 -0.393470 0.284362
v -1.714901 -0.403041 0.304682
v -1.710880 -0.390653 0.303774
v -1.733202 -0.394526 0.317175
v -1.728858 -0.384101 0.316206
v -1.754789 -0.385434 0.321029
v -1.749453 -0.373134 0.319866
v -1.776376 -0.377149 0.315655
v -1.769969 -0.363156 0.314273
v -1.794676 -0.370933 0.301873
v -1.787569 -0.355529 0.300342
v -1.806904 -0.367731 0.281779
v -1.799383 -0.351517 0.280165
v -1.811198 -0.368032 0.258434
v -1.803608 -0.351717 0.256973
v -1.806904 -0.371790 0.235392
v -1.799647 -0.356104 0.234000
v -1.794676 -0.378432 0.216160
v -1.788059 -0.364019 0.214890
v -1.776376 -0.386947 0.203666
v -1.770841 -0.374130 0.202607
v -1.754789 -0.396039 0.199813
v -1.750243 -0.385097 0.198954
v -1.733202 -0.404324 0.205186
v -1.728870 -0.390951 0.204369
v -1.714901 -0.410540 0.218969
v -1.709843 -0.393669 0.218022
v -1.702673 -0.413742 0.239062
v -1.697284 -0.395098 0.238054
v -1.710114 -0.406978 0.281876
v -1.720596 -0.401285 0.298363
v -1.736284 -0.393985 0.309073
v -1.754789 -0.386191 0.312376
v -1.773294 -0.379089 0.307770
v -1.788982 -0.373760 0.295955
v -1.799464 -0.371016 0.278730
v -1.803145 -0.371274 0.258718
v -1.799464 -0.374495 0.238965
v -1.788982 -0.380188 0.222479
v -1.773294 -0.387488 0.211769
v -1.754789 -0.395282 0.208466
v -1.736284 -0.402384 0.213072
v -1.720596 -0.407713 0.224887
v -1.710114 -0.410457 0.242112
v -1.706433 -0.410199 0.262124
v -1.718857 -0.396998 0.297988
v -1.708375 -0.402691 0.281501
v -1.704694 -0.405912 0.261749
v -1.734545 -0.389698 0.308698
v -1.753050 -0.381904 0.312001
v -1.771555 -0.374802 0.307395
v -1.787243 -0.369473 0.295580
v -1.797725 -0.366729 0.278355
v -1.801406 -0.366987 0.258343
v -1.797725 -0.370208 0.238590
v -1.787243 -0.375902 0.222104
v -1.771555 -0.383201 0.211394
v -1.753050 -0.390995 0.208090
v -1.734545 -0.398097 0.212697
v -1.718857 -0.403426 0.224512
v -1.708375 -0.406170 0.241736
v -1.963830 -0.110047 1.042081
v -1.955201 -0.089113 1.036376
v -1.956322 -0.103976 1.075472
v -1.947378 -0.083038 1.069533
v -1.961262 -0.092602 1.107944
v -1.952342 -0.071732 1.102024
v -1.977898 -0.077656 1.134553
v -1.969076 -0.057078 1.128718
v -2.003699 -0.061413 1.151248
v -1.994849 -0.041437 1.145373
v -2.034735 -0.046347 1.155487
v -2.026124 -0.026932 1.149777
v -2.066282 -0.034750 1.146626
v -2.057689 -0.016065 1.140906
v -2.093536 -0.028389 1.126013
v -2.085180 -0.010202 1.120463
v -2.112350 -0.028232 1.096786
v -2.103996 -0.010401 1.091603
v -2.119859 -0.034303 1.063394
v -2.111598 -0.016621 1.058263
v -2.114919 -0.045678 1.030922
v -2.106855 -0.027800 1.025889
v -2.098282 -0.060624 1.004313
v -2.090105 -0.042460 0.999198
v -2.072482 -0.076867 0.987618
v -2.064278 -0.058146 0.982470
v -2.041446 -0.091933 0.983379
v -2.033009 -0.072637 0.978103
v -2.009899 -0.103529 0.992240
v -2.001219 -0.083643 0.986819
v -1.982644 -0.109890 1.012853
v -1.974006 -0.089333 1.007456
v -1.966767 -0.099526 1.074700
v -1.971076 -0.089605 1.103024
v -1.985588 -0.076568 1.126234
v -2.008092 -0.062400 1.140796
v -2.035163 -0.049258 1.144494
v -2.062680 -0.039143 1.136765
v -2.086454 -0.033595 1.118785
v -2.102864 -0.033458 1.093292
v -2.109413 -0.038753 1.064166
v -2.105104 -0.048675 1.035842
v -2.090593 -0.061712 1.012632
v -2.068089 -0.075880 0.998070
v -2.041017 -0.089021 0.994372
v -2.013500 -0.099136 1.002101
v -1.989727 -0.104685 1.020081
v -1.973316 -0.104822 1.045575
v -1.967123 -0.080759 1.100527
v -1.962814 -0.090680 1.072203
v -1.969363 -0.095975 1.043077
v -1.981634 -0.067722 1.123737
v -2.004139 -0.053554 1.138299
v -2.031210 -0.040412 1.141997
v -2.058727 -0.030297 1.134268
v -2.082500 -0.024749 1.116288
v -2.098911 -0.024612 1.090794
v -2.105460 -0.029907 1.061669
v -2.101151 -0.039829 1.033345
v -2.086640 -0.052866 1.010135
v -2.064135 -0.067034 0.995572
v -2.037064 -0.080175 0.991874
v -2.009547 -0.090290 0.999604
v -1.985774 -0.095839 1.017584
v -1.501704 -0.413441 0.726343
v -1.497279 -0.395028 0.723226
v -1.496854 -0.409683 0.749274
v -1.492805 -0.393470 0.746420
v -1.500791 -0.403041 0.771722
v -1.497423 -0.390653 0.769345
v -1.512917 -0.394526 0.790268
v -1.509275 -0.384101 0.787710
v -1.531386 -0.385434 0.802089
v -1.526901 -0.373134 0.798973
v -1.553387 -0.377149 0.805386
v -1.547996 -0.363156 0.801657
v -1.575568 -0.370933 0.799655
v -1.569588 -0.355529 0.795521
v -1.594555 -0.367731 0.785771
v -1.588224 -0.351517 0.781402
v -1.607456 -0.368032 0.765847
v -1.601003 -0.351717 0.761592
v -1.612307 -0.371790 0.742915
v -1.606134 -0.356104 0.738852
v -1.608369 -0.378432 0.720467
v -1.602742 -0.364019 0.716762
v -1.596243 -0.386947 0.701921
v -1.591535 -0.374130 0.698824
v -1.577774 -0.396039 0.690100
v -1.573902 -0.385097 0.687567
v -1.555774 -0.404324 0.686804
v -1.552084 -0.390951 0.684391
v -1.533592 -0.410540 0.692534
v -1.529281 -0.393669 0.689724
v -1.514605 -0.413742 0.706418
v -1.510013 -0.395098 0.703424
v -1.505095 -0.406978 0.748821
v -1.508470 -0.401285 0.768063
v -1.518865 -0.393985 0.783962
v -1.534698 -0.386191 0.794095
v -1.553557 -0.379089 0.796921
v -1.572572 -0.373760 0.792009
v -1.588848 -0.371016 0.780107
v -1.599907 -0.371274 0.763027
v -1.604065 -0.374495 0.743369
v -1.600690 -0.380188 0.724126
v -1.590295 -0.387488 0.708228
v -1.574463 -0.395282 0.698094
v -1.555603 -0.402384 0.695268
v -1.536588 -0.407713 0.700181
v -1.520312 -0.410457 0.712083
v -1.509253 -0.410199 0.729163
v -1.507008 -0.396998 0.767052
v -1.503632 -0.402691 0.747809
v -1.507791 -0.405912 0.728151
v -1.517403 -0.389698 0.782950
v -1.533235 -0.381904 0.793083
v -1.552094 -0.374802 0.795909
v -1.571109 -0.369473 0.790997
v -1.587385 -0.366729 0.779095
v -1.598444 -0.366987 0.762015
v -1.602603 -0.370208 0.742357
v -1.599227 -0.375902 0.723114
v -1.588832 -0.383201 0.707216
v -1.573000 -0.390995 0.697083
v -1.554141 -0.398097 0.694257
v -1.535126 -0.403426 0.699169
v -1.518850 -0.406170 0.711071
v -1.448581 -0.110047 1.548251
v -1.442791 -0.089113 1.539678
v -1.428866 -0.103976 1.576227
v -1.422876 -0.083038 1.567317
v -1.421003 -0.092602 1.608117
v -1.415028 -0.071732 1.599235
v -1.426191 -0.077656 1.639068
v -1.420272 -0.057078 1.630301
v -1.443638 -0.061413 1.664365
v -1.437710 -0.041437 1.655550
v -1.470689 -0.046347 1.680159
v -1.464920 -0.026932 1.671588
v -1.503226 -0.034750 1.684045
v -1.497476 -0.016065 1.675472
v -1.536295 -0.028389 1.675430
v -1.530697 -0.010202 1.667105
v -1.564861 -0.028233 1.655628
v -1.559126 -0.010401 1.647642
v -1.584576 -0.034303 1.627652
v -1.578908 -0.016621 1.619750
v -1.592438 -0.045678 1.595761
v -1.586915 -0.027800 1.588025
v -1.587251 -0.060624 1.564811
v -1.581654 -0.042460 1.556956
v -1.569804 -0.076867 1.539513
v -1.564194 -0.058146 1.531617
v -1.542753 -0.091933 1.523719
v -1.536977 -0.072637 1.515616
v -1.510216 -0.103530 1.519834
v -1.504271 -0.083643 1.511504
v -1.477147 -0.109890 1.528448
v -1.471233 -0.089333 1.520156
v -1.438811 -0.099526 1.579511
v -1.431953 -0.089605 1.607328
v -1.436478 -0.076568 1.634325
v -1.451697 -0.062400 1.656390
v -1.475292 -0.049258 1.670167
v -1.503672 -0.039143 1.673556
v -1.532517 -0.033595 1.666042
v -1.557434 -0.033458 1.648770
v -1.574631 -0.038753 1.624367
v -1.581489 -0.048675 1.596550
v -1.576964 -0.061712 1.569554
v -1.561745 -0.075880 1.547488
v -1.538150 -0.089021 1.533712
v -1.509770 -0.099136 1.530322
v -1.480925 -0.104685 1.537836
v -1.456008 -0.104822 1.555109
v -1.429257 -0.080759 1.603508
v -1.436115 -0.090680 1.575691
v -1.453311 -0.095975 1.551289
v -1.433781 -0.067722 1.630504
v -1.449000 -0.053554 1.652570
v -1.472595 -0.040412 1.666347
v -1.500976 -0.030297 1.669736
v -1.529820 -0.024749 1.662222
v -1.554737 -0.024612 1.644949
v -1.571934 -0.029907 1.620547
v -1.578792 -0.039829 1.592730
v -1.574267 -0.052866 1.565734
v -1.559049 -0.067034 1.543668
v -1.535453 -0.080175 1.529892
v -1.507073 -0.090290 1.526502
v -1.478229 -0.095839 1.534016
v -1.142460 -0.413441 1.079699
v -1.139565 -0.395028 1.075127
v -1.129203 -0.409683 1.099029
v -1.126555 -0.393470 1.094842
v -1.124250 -0.403041 1.121275
v -1.122048 -0.390653 1.117790
v -1.128356 -0.394526 1.143050
v -1.125970 -0.384101 1.139292
v -1.140896 -0.385434 1.161039
v -1.137945 -0.373134 1.156444
v -1.159960 -0.377149 1.172503
v -1.156407 -0.363156 1.166995
v -1.182646 -0.370933 1.175698
v -1.178703 -0.355529 1.169590
v -1.205501 -0.367731 1.170136
v -1.201324 -0.351517 1.163677
v -1.225044 -0.368032 1.156665
v -1.220711 -0.351717 1.150265
v -1.238302 -0.371790 1.137336
v -1.234154 -0.356104 1.131220
v -1.243254 -0.378432 1.115090
v -1.239473 -0.364019 1.109513
v -1.239148 -0.386947 1.093315
v -1.235984 -0.374130 1.088652
v -1.226609 -0.396039 1.075326
v -1.224001 -0.385097 1.071504
v -1.207545 -0.404324 1.063861
v -1.205059 -0.390951 1.060220
v -1.184858 -0.410540 1.060667
v -1.181951 -0.393669 1.056421
v -1.162004 -0.413742 1.066228
v -1.158906 -0.395098 1.061705
v -1.136991 -0.406978 1.101764
v -1.132745 -0.401285 1.120833
v -1.136265 -0.393985 1.139499
v -1.147014 -0.386191 1.154920
v -1.163357 -0.379089 1.164748
v -1.182804 -0.373760 1.167487
v -1.202396 -0.371016 1.162719
v -1.219149 -0.371274 1.151171
v -1.230514 -0.374495 1.134601
v -1.234759 -0.380188 1.115531
v -1.231240 -0.387488 1.096865
v -1.220490 -0.395282 1.081444
v -1.204148 -0.402384 1.071617
v -1.184700 -0.407713 1.068878
v -1.165109 -0.410457 1.073646
v -1.148355 -0.410199 1.085193
v -1.131781 -0.396998 1.119339
v -1.136027 -0.402691 1.100269
v -1.147391 -0.405912 1.083699
v -1.135301 -0.389698 1.138005
v -1.146050 -0.381904 1.153426
v -1.162392 -0.374802 1.163253
v -1.181840 -0.369473 1.165992
v -1.201432 -0.366729 1.161224
v -1.218185 -0.366987 1.149677
v -1.229550 -0.370208 1.133107
v -1.233795 -0.375902 1.114037
v -1.230275 -0.383201 1.095371
v -1.219526 -0.390995 1.079950
v -1.203184 -0.398097 1.070122
v -1.183736 -0.403426 1.067384
v -1.164145 -0.406170 1.072151
v -0.778850 -0.110047 1.818714
v -0.776781 -0.089113 1.808578
v -0.749930 -0.103976 1.837015
v -0.747805 -0.083038 1.826492
v -0.730462 -0.092602 1.863470
v -0.728340 -0.071732 1.852977
v -0.723410 -0.077656 1.894049
v -0.721297 -0.057078 1.883685
v -0.729848 -0.061413 1.924098
v -0.727745 -0.041437 1.913686
v -0.748796 -0.046347 1.949041
v -0.746746 -0.026932 1.938915
v -0.777369 -0.034750 1.965083
v -0.775338 -0.016065 1.954962
v -0.811217 -0.028389 1.969779
v -0.809232 -0.010202 1.959946
v -0.845187 -0.028233 1.962416
v -0.842944 -0.010401 1.952843
v -0.874108 -0.034303 1.944114
v -0.871895 -0.016621 1.934645
v -0.893576 -0.045678 1.917659
v -0.891433 -0.027800 1.908399
v -0.900627 -0.060624 1.887080
v -0.898462 -0.042460 1.877681
v -0.894189 -0.076867 1.857031
v -0.892028 -0.058146 1.847590
v -0.875241 -0.091933 1.832088
v -0.873006 -0.072637 1.822391
v -0.846668 -0.103530 1.816046
v -0.844363 -0.083643 1.806076
v -0.812820 -0.109890 1.811350
v -0.810529 -0.089333 1.801425
v -0.757861 -0.099526 1.843856
v -0.740880 -0.089605 1.866931
v -0.734729 -0.076568 1.893604
v -0.740345 -0.062400 1.919814
v -0.756872 -0.049258 1.941571
v -0.781795 -0.039143 1.955563
v -0.811320 -0.033595 1.959660
v -0.840950 -0.033458 1.953237
v -0.866176 -0.038754 1.937273
v -0.883157 -0.048675 1.914198
v -0.889308 -0.061712 1.887525
v -0.883692 -0.075880 1.861315
v -0.867165 -0.089021 1.839558
v -0.842242 -0.099136 1.825566
v -0.812718 -0.104685 1.821469
v -0.783087 -0.104822 1.827892
v -0.739851 -0.080759 1.862370
v -0.756831 -0.090680 1.839295
v -0.782058 -0.095976 1.823331
v -0.733700 -0.067722 1.889043
v -0.739316 -0.053554 1.915253
v -0.755843 -0.040412 1.937010
v -0.780766 -0.030297 1.951002
v -0.810290 -0.024749 1.955098
v -0.839921 -0.024612 1.948676
v -0.865147 -0.029907 1.932712
v -0.882128 -0.039829 1.909637
v -0.888278 -0.052866 1.882964
v -0.882663 -0.067034 1.856754
v -0.866135 -0.080175 1.834997
v -0.841212 -0.090290 1.821005
v -0.811688 -0.095839 1.816908
v -0.675338 -0.413441 1.268681
v -0.674413 -0.395028 1.263348
v -0.655693 -0.409683 1.281466
v -0.654848 -0.393470 1.276585
v -0.642604 -0.403041 1.300123
v -0.641903 -0.390653 1.296061
v -0.638065 -0.394526 1.321812
v -0.637298 -0.384101 1.317428
v -0.642766 -0.385434 1.343230
v -0.641798 -0.373134 1.337856
v -0.655991 -0.377149 1.361118
v -0.654816 -0.363156 1.354669
v -0.675728 -0.370933 1.372751
v -0.674423 -0.355529 1.365599
v -0.698971 -0.367731 1.376359
v -0.697584 -0.351517 1.368793
v -0.722182 -0.368032 1.371392
v -0.720628 -0.351717 1.363820
v -0.741828 -0.371790 1.358607
v -0.740336 -0.356104 1.351369
v -0.754916 -0.378432 1.339950
v -0.753557 -0.364019 1.333351
v -0.759456 -0.386947 1.318262
v -0.758317 -0.374130 1.312743
v -0.754755 -0.396039 1.296843
v -0.753808 -0.385097 1.292315
v -0.741529 -0.404324 1.278956
v -0.740626 -0.390951 1.274641
v -0.721792 -0.410540 1.267323
v -0.720731 -0.393669 1.262287
v -0.698549 -0.413742 1.263715
v -0.697419 -0.395098 1.258350
v -0.661841 -0.406978 1.286973
v -0.650621 -0.401285 1.302966
v -0.646730 -0.393985 1.321559
v -0.650760 -0.386191 1.339919
v -0.662097 -0.379089 1.355253
v -0.679016 -0.373760 1.365225
v -0.698941 -0.371016 1.368318
v -0.718838 -0.371274 1.364061
v -0.735679 -0.374495 1.353101
v -0.746899 -0.380188 1.337107
v -0.750790 -0.387488 1.318515
v -0.746761 -0.395282 1.300154
v -0.735423 -0.402384 1.284821
v -0.718504 -0.407713 1.274849
v -0.698579 -0.410457 1.271756
v -0.678682 -0.410199 1.276013
v -0.650303 -0.396998 1.301217
v -0.661523 -0.402692 1.285223
v -0.678363 -0.405913 1.274264
v -0.646411 -0.389698 1.319809
v -0.650441 -0.381904 1.338169
v -0.661778 -0.374802 1.353503
v -0.678697 -0.369473 1.363475
v -0.698622 -0.366729 1.366568
v -0.718520 -0.366987 1.362311
v -0.735360 -0.370208 1.351351
v -0.746580 -0.375902 1.335357
v -0.750472 -0.383201 1.316765
v -0.746442 -0.390995 1.298405
v -0.735104 -0.398097 1.283071
v -0.718185 -0.403426 1.273099
v -0.698261 -0.406171 1.270006
vn 0.3318 -0.9433 -0.0000
vn 0.1519 -0.9864 -0.0629
vn 0.3065 -0.9433 -0.1270
vn 0.1162 -0.9864 -0.1162
vn 0.2346 -0.9433 -0.2346
vn 0.0629 -0.9864 -0.1519
vn 0.1270 -0.9434 -0.3065
vn -0.0000 -0.9864 -0.1644
vn -0.0000 -0.9434 -0.3318
vn -0.1270 -0.9434 -0.3065
vn -0.0629 -0.9864 -0.1519
vn -0.2346 -0.9433 -0.2346
vn -0.1162 -0.9864 -0.1162
vn -0.3065 -0.9433 -0.1270
vn -0.1519 -0.9864 -0.0629
vn -0.3318 -0.9433 -0.0000
vn -0.1519 -0.9864 0.0629
vn -0.3065 -0.9433 0.1270
vn -0.1162 -0.9864 0.1162
vn -0.2346 -0.9433 0.2346
vn -0.0629 -0.9864 0.1519
vn -0.1270 -0.9434 0.3065
vn -0.0000 -0.9864 0.1644
vn -0.0000 -0.9434 0.3318
vn 0.1270 -0.9434 0.3065
vn 0.0629 -0.9864 0.1519
vn 0.2346 -0.9433 0.2346
vn 0.1162 -0.9864 0.1162
vn 0.3065 -0.9433 0.1270
vn 0.1519 -0.9864 0.0629
vn 0.4574 -0.8893 -0.0000
vn 0.4225 -0.8893 -0.1750
vn 0.3234 -0.8893 -0.3234
vn 0.1750 -0.8893 -0.4225
vn -0.0000 -0.8893 -0.4573
vn -0.1750 -0.8893 -0.4225
vn -0.3234 -0.8893 -0.3234
vn -0.4225 -0.8893 -0.1750
vn -0.4574 -0.8893 -0.0000
vn -0.4225 -0.8893 0.1750
vn -0.3234 -0.8893 0.3234
vn -0.1750 -0.8893 0.4225
vn -0.0000 -0.8893 0.4573
vn 0.1750 -0.8893 0.4225
vn 0.3234 -0.8893 0.3234
vn 0.4225 -0.8893 0.1750
vn 0.9991 -0.0416 -0.0000
vn 0.9231 -0.0417 -0.3824
vn 0.7065 -0.0416 -0.7065
vn 0.3824 -0.0416 -0.9231
vn -0.0000 -0.0416 -0.9991
vn -0.3824 -0.0416 -0.9231
vn -0.7065 -0.0416 -0.7065
vn -0.9231 -0.0417 -0.3824
vn -0.9991 -0.0416 -0.0000
vn -0.9231 -0.0417 0.3824
vn -0.7065 -0.0416 0.7065
vn -0.3824 -0.0416 0.9231
vn -0.0000 -0.0416 0.9991
vn 0.3824 -0.0416 0.9231
vn 0.7065 -0.0416 0.7065
vn 0.9231 -0.0417 0.3824
vn 0.3633 -0.9317 -0.0000
vn 0.2338 -0.9675 -0.0968
vn 0.3356 -0.9317 -0.1390
vn 0.2569 -0.9317 -0.2569
vn 0.0968 -0.9675 -0.2338
vn 0.1390 -0.9317 -0.3356
vn -0.0000 -0.9675 -0.2530
vn -0.0000 -0.9317 -0.3633
vn -0.1390 -0.9317 -0.3356
vn -0.0968 -0.9675 -0.2338
vn -0.2569 -0.9317 -0.2569
vn -0.2338 -0.9675 -0.0968
vn -0.3356 -0.9317 -0.1390
vn -0.3633 -0.9317 -0.0000
vn -0.2338 -0.9675 0.0968
vn -0.3356 -0.9317 0.1390
vn -0.2569 -0.9317 0.2569
vn -0.0968 -0.9675 0.2338
vn -0.1390 -0.9317 0.3356
vn -0.0000 -0.9675 0.2530
vn -0.0000 -0.9317 0.3633
vn 0.1390 -0.9317 0.3356
vn 0.0968 -0.9675 0.2338
vn 0.2569 -0.9317 0.2569
vn 0.2338 -0.9675 0.0968
vn 0.3356 -0.9317 0.1390
vn 0.5407 -0.8412 -0.0000
vn 0.4995 -0.8412 -0.2069
vn 0.3823 -0.8412 -0.3823
vn 0.2069 -0.8412 -0.4995
vn -0.0000 -0.8412 -0.5407
vn -0.2069 -0.8412 -0.4995
vn -0.3823 -0.8412 -0.3823
vn -0.4995 -0.8412 -0.2069
vn -0.5407 -0.8412 -0.0000
vn -0.4995 -0.8412 0.2069
vn -0.3823 -0.8412 0.3823
vn -0.2069 -0.8412 0.4995
vn -0.0000 -0.8412 0.5407
vn 0.2069 -0.8412 0.4995
vn 0.3823 -0.8412 0.3823
vn 0.4995 -0.8412 0.2069
vn 0.6119 -0.7910 -0.0000
vn 0.5653 -0.7910 -0.2342
vn 0.4327 -0.7910 -0.4327
vn 0.2342 -0.7910 -0.5653
vn -0.0000 -0.7910 -0.6119
vn -0.2342 -0.7910 -0.5653
vn -0.4327 -0.7910 -0.4327
vn -0.5653 -0.7910 -0.2342
vn -0.6119 -0.7910 -0.0000
vn -0.5653 -0.7910 0.2342
vn -0.4327 -0.7910 0.4327
vn -0.2342 -0.7910 0.5653
vn -0.0000 -0.7910 0.6119
vn 0.2342 -0.7910 0.5653
vn 0.4327 -0.7910 0.4327
vn 0.5653 -0.7910 0.2342
vn 0.5927 0.7671 -0.2455
vn 0.3692 0.8529 -0.3692
vn 0.4824 0.8529 -0.1998
vn 0.4537 0.7671 -0.4537
vn 0.1998 0.8529 -0.4824
vn 0.2455 0.7671 -0.5927
vn -0.0000 0.8529 -0.5221
vn -0.2455 0.7671 -0.5927
vn -0.1998 0.8529 -0.4824
vn -0.4537 0.7671 -0.4537
vn -0.3692 0.8529 -0.3692
vn -0.5927 0.7671 -0.2455
vn -0.4824 0.8529 -0.1998
vn -0.5221 0.8529 -0.0000
vn -0.5927 0.7671 0.2455
vn -0.4824 0.8529 0.1998
vn -0.3692 0.8529 0.3692
vn -0.4537 0.7671 0.4537
vn -0.1998 0.8529 0.4824
vn -0.2455 0.7671 0.5927
vn -0.0000 0.8529 0.5221
vn 0.2455 0.7671 0.5927
vn 0.1998 0.8529 0.4824
vn 0.4536 0.7671 0.4536
vn 0.3692 0.8529 0.3692
vn 0.4824 0.8529 0.1998
vn 0.5927 0.7671 0.2455
vn 0.5221 0.8529 -0.0000
vn 0.3037 0.9528 -0.0000
vn 0.2148 0.9528 -0.2148
vn 0.1162 0.9528 -0.2806
vn -0.1162 0.9528 -0.2806
vn -0.2148 0.9528 -0.2148
vn -0.3037 0.9528 -0.0000
vn -0.2148 0.9528 0.2148
vn -0.1162 0.9528 0.2806
vn 0.1162 0.9528 0.2806
vn 0.2148 0.9528 0.2148
vn 0.2806 0.9528 0.1162
vn 0.1946 0.9776 -0.0806
vn 0.2806 0.9528 -0.1162
vn 0.0806 0.9776 -0.1946
vn 0.1489 0.9776 -0.1489
vn -0.0000 0.9776 -0.2106
vn -0.0000 0.9528 -0.3037
vn -0.0806 0.9776 -0.1946
vn -0.1946 0.9776 -0.0806
vn -0.1489 0.9776 -0.1489
vn -0.2806 0.9528 -0.1162
vn -0.1946 0.9776 0.0806
vn -0.2106 0.9776 -0.0000
vn -0.2806 0.9528 0.1162
vn -0.0806 0.9776 0.1946
vn -0.1489 0.9776 0.1489
vn -0.0000 0.9776 0.2106
vn -0.0000 0.9528 0.3037
vn 0.0806 0.9776 0.1946
vn 0.1946 0.9776 0.0806
vn 0.1489 0.9776 0.1489
vn 0.1835 0.9830 -0.0000
vn 0.1695 0.9830 -0.0702
vn 0.1298 0.9830 -0.1298
vn 0.0702 0.9830 -0.1695
vn -0.0000 0.9830 -0.1835
vn -0.0702 0.9830 -0.1695
vn -0.1298 0.9830 -0.1298
vn -0.1695 0.9830 -0.0702
vn -0.1835 0.9830 -0.0000
vn -0.1695 0.9830 0.0702
vn -0.1298 0.9830 0.1298
vn -0.0702 0.9830 0.1695
vn -0.0000 0.9830 0.1835
vn 0.0702 0.9830 0.1695
vn 0.1298 0.9830 0.1298
vn 0.1695 0.9830 0.0702
vn 0.6869 0.7268 -0.0000
vn 0.5915 0.7682 -0.2450
vn 0.6402 0.7682 -0.0000
vn 0.6346 0.7268 -0.2629
vn 0.4527 0.7682 -0.4527
vn 0.4857 0.7268 -0.4857
vn 0.2450 0.7682 -0.5915
vn 0.2628 0.7268 -0.6346
vn -0.0000 0.7682 -0.6402
vn -0.2628 0.7268 -0.6346
vn -0.2450 0.7682 -0.5915
vn -0.4857 0.7268 -0.4857
vn -0.4527 0.7682 -0.4527
vn -0.6346 0.7268 -0.2629
vn -0.5915 0.7682 -0.2450
vn -0.6869 0.7268 -0.0000
vn -0.6402 0.7682 -0.0000
vn -0.5915 0.7682 0.2450
vn -0.6346 0.7268 0.2629
vn -0.4527 0.7682 0.4527
vn -0.4857 0.7268 0.4857
vn -0.2450 0.7682 0.5915
vn -0.2628 0.7268 0.6346
vn -0.0000 0.7682 0.6402
vn 0.2628 0.7268 0.6346
vn 0.2450 0.7682 0.5915
vn 0.4857 0.7268 0.4857
vn 0.4527 0.7682 0.4527
vn 0.6346 0.7268 0.2629
vn 0.5915 0.7682 0.2450
vn 0.5863 0.8101 -0.0000
vn 0.4084 0.8970 -0.1692
vn 0.4420 0.8970 -0.0000
vn 0.5417 0.8101 -0.2244
vn 0.3126 0.8970 -0.3126
vn 0.4146 0.8101 -0.4146
vn 0.1692 0.8970 -0.4084
vn -0.0000 0.8101 -0.5863
vn -0.0000 0.8970 -0.4420
vn -0.1692 0.8970 -0.4084
vn -0.4146 0.8101 -0.4146
vn -0.3126 0.8970 -0.3126
vn -0.5417 0.8101 -0.2244
vn -0.4084 0.8970 -0.1692
vn -0.5863 0.8101 -0.0000
vn -0.4420 0.8970 -0.0000
vn -0.4084 0.8970 0.1692
vn -0.5417 0.8101 0.2244
vn -0.3126 0.8970 0.3126
vn -0.4146 0.8101 0.4146
vn -0.1692 0.8970 0.4084
vn -0.0000 0.8101 0.5863
vn -0.0000 0.8970 0.4420
vn 0.1692 0.8970 0.4084
vn 0.4146 0.8101 0.4146
vn 0.3126 0.8970 0.3126
vn 0.5417 0.8101 0.2244
vn 0.4084 0.8970 0.1692
vn 0.2587 0.9600 -0.1072
vn 0.2800 0.9600 -0.0000
vn 0.1980 0.9600 -0.1980
vn 0.1072 0.9600 -0.2587
vn -0.0000 0.9600 -0.2801
vn -0.1072 0.9600 -0.2587
vn -0.1980 0.9600 -0.1980
vn -0.2587 0.9600 -0.1072
vn -0.2800 0.9600 -0.0000
vn -0.2587 0.9600 0.1072
vn -0.1980 0.9600 0.1980
vn -0.1072 0.9600 0.2587
vn -0.0000 0.9600 0.2801
vn 0.1072 0.9600 0.2587
vn 0.1980 0.9600 0.1980
vn 0.2587 0.9600 0.1072
vn 0.1966 0.9805 -0.0000
vn 0.1816 0.9805 -0.0752
vn 0.1390 0.9805 -0.1390
vn 0.0752 0.9805 -0.1816
vn -0.0000 0.9805 -0.1966
vn -0.0752 0.9805 -0.1816
vn -0.1390 0.9805 -0.1390
vn -0.1816 0.9805 -0.0752
vn -0.1966 0.9805 -0.0000
vn -0.1816 0.9805 0.0752
vn -0.1390 0.9805 0.1390
vn -0.0752 0.9805 0.1816
vn -0.0000 0.9805 0.1966
vn 0.0752 0.9805 0.1816
vn 0.1390 0.9805 0.1390
vn 0.1816 0.9805 0.0752
vn 0.9622 0.2723 -0.0000
vn 0.8890 0.2723 -0.3682
vn 0.8889 0.2723 -0.3683
vn 0.6804 0.2723 -0.6804
vn 0.3682 0.2723 -0.8890
vn 0.3683 0.2722 -0.8890
vn -0.0000 0.2722 -0.9622
vn -0.3683 0.2722 -0.8890
vn -0.3682 0.2723 -0.8890
vn -0.6804 0.2723 -0.6804
vn -0.8889 0.2723 -0.3683
vn -0.8890 0.2723 -0.3682
vn -0.9622 0.2723 -0.0000
vn -0.8890 0.2723 0.3682
vn -0.8889 0.2723 0.3683
vn -0.6804 0.2723 0.6804
vn -0.3682 0.2723 0.8890
vn -0.3683 0.2722 0.8890
vn -0.0000 0.2722 0.9622
vn 0.3683 0.2722 0.8890
vn 0.3682 0.2723 0.8890
vn 0.6804 0.2723 0.6804
vn 0.8889 0.2723 0.3683
vn 0.8890 0.2723 0.3682
vn -0.0000 1.0000 -0.0000
vn 0.9954 0.0955 -0.0000
vn 0.9197 0.0955 -0.3808
vn 0.7039 0.0955 -0.7039
vn 0.3809 0.0955 -0.9197
vn 0.3808 0.0955 -0.9197
vn -0.0000 0.0955 -0.9954
vn -0.3808 0.0955 -0.9197
vn -0.3809 0.0955 -0.9197
vn -0.7039 0.0955 -0.7039
vn -0.9197 0.0955 -0.3808
vn -0.9954 0.0955 -0.0000
vn -0.9197 0.0955 0.3808
vn -0.7039 0.0955 0.7039
vn -0.3809 0.0955 0.9197
vn -0.0000 0.0955 0.9954
vn 0.3808 0.0955 0.9197
vn 0.3809 0.0955 0.9197
vn 0.7039 0.0955 0.7039
vn 0.9197 0.0955 0.3808
vn -1.0000 -0.0000 -0.0000
vn -0.9239 -0.0000 0.3827
vn -0.7071 -0.0000 0.7071
vn -0.3827 -0.0000 0.9239
vn -0.0000 -0.0000 1.0000
vn 0.3827 -0.0000 0.9239
vn 0.7071 -0.0000 0.7071
vn 0.9239 -0.0000 0.3827
vn 1.0000 -0.0000 -0.0000
vn 0.9239 -0.0000 -0.3827
vn 0.7071 -0.0000 -0.7071
vn 0.3827 -0.0000 -0.9239
vn -0.0000 -0.0000 -1.0000
vn -0.3827 -0.0000 -0.9239
vn -0.7071 -0.0000 -0.7071
vn -0.9239 -0.0000 -0.3827
vn -0.0000 -1.0000 -0.0000
vn 0.6687 0.6900 -0.2770
vn 0.7236 0.6902 -0.0000
vn 0.5118 0.6901 -0.5118
vn 0.2770 0.6901 -0.6686
vn 0.2769 0.6901 -0.6686
vn -0.0000 0.6901 -0.7237
vn -0.2769 0.6901 -0.6686
vn -0.2770 0.6901 -0.6686
vn -0.5118 0.6901 -0.5118
vn -0.6687 0.6900 -0.2770
vn -0.7236 0.6902 -0.0000
vn -0.7237 0.6901 -0.0000
vn -0.6687 0.6900 0.2770
vn -0.5118 0.6901 0.5118
vn -0.2770 0.6901 0.6686
vn -0.2769 0.6901 0.6686
vn -0.0000 0.6901 0.7237
vn 0.2769 0.6901 0.6686
vn 0.2770 0.6901 0.6686
vn 0.5118 0.6901 0.5118
vn 0.6687 0.6900 0.2770
vn 0.7237 0.6901 -0.0000
vn 0.2106 0.9776 -0.0000
vn -0.0000 0.7268 0.6868
vn -0.0000 0.7268 -0.6868
vn 0.2244 0.8101 0.5417
vn -0.2244 0.8101 0.5417
vn -0.2244 0.8101 -0.5417
vn 0.2244 0.8101 -0.5417
vn 0.0325 -0.4361 -0.8993
vn 0.4100 -0.3750 -0.8314
vn 0.0338 -0.4338 -0.9004
vn 0.4084 -0.3779 -0.8309
vn 0.7277 -0.2498 -0.6388
vn 0.7279 -0.2500 -0.6385
vn 0.9325 -0.0854 -0.3510
vn 0.9954 0.0953 -0.0119
vn 0.9953 0.0964 -0.0102
vn 0.9053 0.2655 0.3315
vn 0.9050 0.2675 0.3307
vn 0.6787 0.4028 0.6141
vn 0.6776 0.4049 0.6139
vn 0.3479 0.4747 0.8085
vn 0.3478 0.4745 0.8086
vn -0.0355 0.4750 0.8792
vn -0.0368 0.4751 0.8792
vn -0.4142 0.4054 0.8149
vn -0.4142 0.4036 0.8158
vn -0.7283 0.2689 0.6302
vn -0.7280 0.2673 0.6313
vn -0.9340 0.0980 0.3436
vn -0.9346 0.0969 0.3423
vn -0.9964 -0.0844 0.0030
vn -0.9964 -0.0843 0.0029
vn -0.9069 -0.2500 -0.3391
vn -0.9067 -0.2500 -0.3398
vn -0.6797 -0.3771 -0.6291
vn -0.6778 -0.3754 -0.6322
vn -0.3473 -0.4368 -0.8298
vn -0.3450 -0.4346 -0.8320
vn 0.6794 0.3860 0.6240
vn 0.9069 0.2559 0.3349
vn 0.0794 -0.8841 0.4605
vn -0.3486 -0.4574 -0.8181
vn -0.6795 -0.3860 -0.6240
vn 0.3486 0.4574 0.8181
vn 0.6795 0.3860 0.6240
vn 0.0353 -0.4592 -0.8876
vn -0.4139 0.3911 0.8221
vn -0.7294 0.2634 0.6313
vn -0.0353 0.4592 0.8876
vn 0.4139 -0.3910 -0.8221
vn 0.7294 -0.2634 -0.6313
vn -0.9339 0.0956 0.3445
vn 0.9339 -0.0956 -0.3445
vn -0.9962 -0.0867 0.0052
vn 0.9962 0.0867 -0.0052
vn -0.9069 -0.2559 -0.3349
vn 0.0196 -0.2764 -0.9608
vn 0.3891 -0.2369 -0.8902
vn 0.3951 -0.2406 -0.8866
vn 0.7120 -0.1657 -0.6823
vn 0.7156 -0.1718 -0.6770
vn 0.9314 -0.0580 -0.3592
vn 0.9332 -0.0608 -0.3541
vn 0.9955 0.0943 -0.0000
vn 0.9952 0.0978 0.0049
vn 0.9031 0.2482 0.3504
vn 0.9023 0.2503 0.3510
vn 0.6750 0.3630 0.6424
vn 0.6742 0.3639 0.6426
vn 0.3455 0.4226 0.8379
vn -0.0345 0.4191 0.9073
vn -0.0360 0.4186 0.9075
vn -0.4107 0.3530 0.8407
vn -0.4120 0.3519 0.8405
vn -0.7245 0.2343 0.6483
vn -0.7258 0.2318 0.6477
vn -0.9307 0.0791 0.3572
vn -0.9331 0.0750 0.3518
vn -0.9971 -0.0760 -0.0091
vn -0.9969 -0.0791 -0.0021
vn -0.9055 -0.1843 -0.3823
vn -0.9033 -0.1780 -0.3904
vn -0.6795 -0.2480 -0.6904
vn -0.6749 -0.2444 -0.6963
vn -0.3546 -0.2791 -0.8924
vn -0.3517 -0.2774 -0.8941
vn -0.9079 -0.2233 -0.3548
vn -0.9962 -0.0872 -0.0000
vn 0.0808 -0.9237 0.3746
vn 0.9962 0.0872 -0.0000
vn 0.9079 0.2233 0.3548
vn -0.6813 -0.3255 -0.6556
vn 0.6813 0.3255 0.6556
vn -0.3511 -0.3781 -0.8566
vn 0.3511 0.3781 0.8566
vn 0.0327 -0.3732 -0.9272
vn -0.7275 0.2023 0.6556
vn -0.4114 0.3114 0.8566
vn -0.0326 0.3732 0.9272
vn 0.0326 -0.3732 -0.9272
vn 0.4114 -0.3114 -0.8566
vn 0.7275 -0.2023 -0.6556
vn -0.9329 0.0623 0.3548
vn 0.9329 -0.0623 -0.3548
vn -0.3141 -0.4361 -0.8433
vn 0.0606 -0.3750 -0.9250
vn -0.3134 -0.4338 -0.8447
vn 0.0594 -0.3779 -0.9240
vn 0.4278 -0.2498 -0.8686
vn 0.4281 -0.2500 -0.8685
vn 0.7272 -0.0854 -0.6811
vn 0.9150 0.0953 -0.3920
vn 0.9156 0.0964 -0.3903
vn 0.9633 0.2655 -0.0402
vn 0.9627 0.2675 -0.0408
vn 0.8620 0.4028 0.3076
vn 0.8610 0.4049 0.3078
vn 0.6308 0.4747 0.6138
vn 0.6308 0.4745 0.6139
vn 0.3037 0.4750 0.8259
vn 0.3024 0.4751 0.8264
vn -0.0708 0.4054 0.9114
vn -0.0704 0.4036 0.9122
vn -0.4317 0.2689 0.8610
vn -0.4310 0.2672 0.8619
vn -0.7314 0.0980 0.6749
vn -0.7325 0.0969 0.6739
vn -0.9194 -0.0844 0.3841
vn -0.9195 -0.0843 0.3840
vn -0.9676 -0.2500 0.0338
vn -0.9677 -0.2500 0.0330
vn -0.8687 -0.3771 -0.3211
vn -0.8681 -0.3754 -0.3247
vn -0.6384 -0.4368 -0.6337
vn -0.6371 -0.4346 -0.6366
vn 0.9660 0.2559 -0.0377
vn 0.8665 0.3860 0.3165
vn 0.2496 -0.8841 0.3951
vn -0.8665 -0.3860 -0.3165
vn -0.6351 -0.4575 -0.6224
vn 0.6351 0.4574 0.6224
vn 0.8665 0.3860 0.3164
vn -0.3070 -0.4592 -0.8336
vn -0.4323 0.2633 0.8624
vn -0.0678 0.3910 0.9179
vn 0.3070 0.4592 0.8336
vn 0.0678 -0.3911 -0.9179
vn 0.4323 -0.2633 -0.8624
vn -0.7310 0.0956 0.6757
vn 0.7310 -0.0956 -0.6757
vn -0.9184 -0.0868 0.3861
vn 0.9184 0.0867 -0.3861
vn -0.9660 -0.2559 0.0377
vn -0.3496 -0.2764 -0.8952
vn 0.0188 -0.2370 -0.9713
vn 0.0258 -0.2406 -0.9703
vn 0.3967 -0.1657 -0.9029
vn 0.4021 -0.1718 -0.8993
vn 0.7231 -0.0580 -0.6883
vn 0.7267 -0.0608 -0.6843
vn 0.9198 0.0943 -0.3810
vn 0.9213 0.0978 -0.3763
vn 0.9685 0.2482 -0.0219
vn 0.9679 0.2503 -0.0210
vn 0.8694 0.3630 0.3352
vn 0.8688 0.3639 0.3357
vn 0.6398 0.4226 0.6419
vn 0.3153 0.4191 0.8514
vn 0.3140 0.4186 0.8522
vn -0.0577 0.3530 0.9338
vn -0.0589 0.3519 0.9342
vn -0.4213 0.2343 0.8762
vn -0.4227 0.2318 0.8761
vn -0.7232 0.0791 0.6861
vn -0.7274 0.0750 0.6821
vn -0.9246 -0.0760 0.3732
vn -0.9218 -0.0791 0.3795
vn -0.9828 -0.1843 -0.0067
vn -0.9839 -0.1780 -0.0150
vn -0.8920 -0.2480 -0.3778
vn -0.8900 -0.2444 -0.3850
vn -0.6691 -0.2791 -0.6887
vn -0.6671 -0.2774 -0.6914
vn -0.9745 -0.2233 0.0196
vn -0.9204 -0.0872 0.3812
vn 0.2180 -0.9237 0.3152
vn 0.9745 0.2233 -0.0196
vn 0.9204 0.0872 -0.3812
vn -0.8804 -0.3255 -0.3450
vn 0.8804 0.3255 0.3450
vn -0.6521 -0.3781 -0.6571
vn 0.6521 0.3781 0.6571
vn -0.3246 -0.3732 -0.8691
vn -0.0523 0.3114 0.9488
vn -0.4212 0.2022 0.8841
vn 0.3247 0.3732 0.8691
vn -0.3247 -0.3732 -0.8691
vn 0.0523 -0.3114 -0.9488
vn 0.4212 -0.2022 -0.8841
vn -0.7261 0.0623 0.6848
vn 0.7261 -0.0623 -0.6848
vn -0.6129 -0.4361 -0.6589
vn -0.2980 -0.3750 -0.8778
vn -0.6128 -0.4338 -0.6605
vn -0.2987 -0.3779 -0.8763
vn 0.0629 -0.2498 -0.9662
vn 0.0632 -0.2500 -0.9662
vn 0.4112 -0.0854 -0.9075
vn 0.6954 0.0953 -0.7123
vn 0.6966 0.0964 -0.7110
vn 0.8746 0.2655 -0.4057
vn 0.8738 0.2675 -0.4061
vn 0.9141 0.4028 -0.0457
vn 0.9132 0.4049 -0.0451
vn 0.8177 0.4747 0.3256
vn 0.8177 0.4745 0.3258
vn 0.5966 0.4750 0.6468
vn 0.5956 0.4751 0.6477
vn 0.2833 0.4054 0.8691
vn 0.2840 0.4036 0.8698
vn -0.0694 0.2689 0.9607
vn -0.0684 0.2672 0.9612
vn -0.4175 0.0980 0.9034
vn -0.4188 0.0969 0.9029
vn -0.7025 -0.0844 0.7067
vn -0.7025 -0.0843 0.7066
vn -0.8810 -0.2500 0.4015
vn -0.8814 -0.2500 0.4008
vn -0.9255 -0.3771 0.0358
vn -0.9263 -0.3754 0.0322
vn -0.8324 -0.4368 -0.3411
vn -0.8322 -0.4346 -0.3444
vn 0.9217 0.3860 -0.0392
vn 0.8780 0.2559 -0.4045
vn 0.3818 -0.8841 0.2695
vn -0.9217 -0.3860 0.0392
vn -0.8250 -0.4574 -0.3320
vn 0.8250 0.4574 0.3320
vn -0.6027 -0.4592 -0.6526
vn -0.8249 -0.4574 -0.3320
vn 0.2886 0.3911 0.8739
vn -0.0693 0.2634 0.9622
vn 0.6027 0.4592 0.6526
vn -0.2886 -0.3910 -0.8739
vn 0.0694 -0.2634 -0.9622
vn -0.4168 0.0956 0.9040
vn 0.0693 -0.2634 -0.9622
vn 0.4168 -0.0956 -0.9040
vn -0.7007 -0.0868 0.7081
vn 0.7007 0.0867 -0.7081
vn -0.8780 -0.2559 0.4045
vn -0.6656 -0.2764 -0.6932
vn -0.3544 -0.2369 -0.9046
vn -0.3475 -0.2406 -0.9063
vn 0.0210 -0.1657 -0.9860
vn 0.0273 -0.1718 -0.9847
vn 0.4046 -0.0580 -0.9127
vn 0.4095 -0.0608 -0.9103
vn 0.7040 0.0943 -0.7040
vn 0.7072 0.0978 -0.7002
vn 0.8864 0.2482 -0.3908
vn 0.8862 0.2503 -0.3898
vn 0.9315 0.3630 -0.0231
vn 0.9312 0.3639 -0.0224
vn 0.8368 0.4226 0.3482
vn 0.6171 0.4191 0.6660
vn 0.6162 0.4185 0.6671
vn 0.3041 0.3530 0.8848
vn 0.3030 0.3519 0.8856
vn -0.0539 0.2343 0.9707
vn -0.0552 0.2318 0.9712
vn -0.4055 0.0791 0.9106
vn -0.4110 0.0750 0.9085
vn -0.7115 -0.0760 0.6986
vn -0.7064 -0.0791 0.7034
vn -0.9106 -0.1843 0.3699
vn -0.9148 -0.1780 0.3626
vn -0.9687 -0.2480 -0.0077
vn -0.9696 -0.2444 -0.0151
vn -0.8818 -0.2791 -0.3802
vn -0.8809 -0.2774 -0.3835
vn -0.8929 -0.2233 0.3911
vn -0.7044 -0.0872 0.7044
vn 0.3220 -0.9237 0.2077
vn 0.3220 -0.9237 0.2078
vn 0.7044 0.0872 -0.7044
vn 0.8929 0.2233 -0.3911
vn -0.9454 -0.3255 0.0182
vn 0.9454 0.3255 -0.0182
vn -0.8539 -0.3782 -0.3575
vn 0.8540 0.3781 0.3575
vn -0.6325 -0.3732 -0.6787
vn 0.3148 0.3114 0.8966
vn -0.0508 0.2023 0.9780
vn 0.6325 0.3732 0.6787
vn -0.3148 -0.3114 -0.8966
vn 0.0508 -0.2022 -0.9780
vn -0.4087 0.0623 0.9105
vn 0.4087 -0.0623 -0.9105
vn -0.8184 -0.4361 -0.3742
vn -0.6112 -0.3750 -0.6970
vn -0.8189 -0.4338 -0.3757
vn -0.6114 -0.3779 -0.6953
vn -0.3117 -0.2498 -0.9167
vn -0.3114 -0.2500 -0.9168
vn 0.0326 -0.0854 -0.9958
vn 0.3699 0.0953 -0.9242
vn 0.3715 0.0964 -0.9234
vn 0.6527 0.2655 -0.7095
vn 0.6519 0.2675 -0.7096
vn 0.8271 0.4028 -0.3920
vn 0.8265 0.4049 -0.3911
vn 0.8801 0.4747 -0.0121
vn 0.8802 0.4745 -0.0119
vn 0.7987 0.4750 0.3692
vn 0.7982 0.4751 0.3705
vn 0.5944 0.4054 0.6945
vn 0.5952 0.4036 0.6949
vn 0.3035 0.2689 0.9141
vn 0.3047 0.2672 0.9142
vn -0.0400 0.0980 0.9944
vn -0.0414 0.0969 0.9944
vn -0.3786 -0.0844 0.9217
vn -0.3786 -0.0843 0.9217
vn -0.6603 -0.2500 0.7081
vn -0.6609 -0.2500 0.7076
vn -0.8413 -0.3771 0.3872
vn -0.8435 -0.3754 0.3842
vn -0.8995 -0.4368 0.0033
vn -0.9006 -0.4346 0.0003
vn 0.8365 0.3860 -0.3890
vn 0.6564 0.2559 -0.7097
vn 0.4558 -0.8841 0.1029
vn 0.4559 -0.8841 0.1029
vn -0.8365 -0.3860 0.3889
vn -0.8892 -0.4575 0.0090
vn -0.8365 -0.3861 0.3889
vn 0.8892 0.4574 -0.0090
vn -0.8065 -0.4592 -0.3723
vn 0.6011 0.3911 0.6970
vn 0.3042 0.2634 0.9155
vn 0.8066 0.4592 0.3723
vn -0.6011 -0.3910 -0.6970
vn -0.3042 -0.2634 -0.9155
vn -0.0391 0.0956 0.9947
vn 0.0391 -0.0956 -0.9947
vn -0.3764 -0.0867 0.9224
vn 0.3764 0.0867 -0.9224
vn -0.6564 -0.2559 0.7097
vn -0.8802 -0.2764 -0.3858
vn -0.6736 -0.2369 -0.7001
vn -0.6679 -0.2406 -0.7043
vn -0.3579 -0.1657 -0.9189
vn -0.3516 -0.1718 -0.9202
vn 0.0245 -0.0580 -0.9980
vn 0.0300 -0.0608 -0.9977
vn 0.3810 0.0943 -0.9198
vn 0.3854 0.0978 -0.9176
vn 0.6693 0.2482 -0.7003
vn 0.6696 0.2503 -0.6993
vn 0.8518 0.3630 -0.3778
vn 0.8517 0.3639 -0.3770
vn 0.9063 0.4226 0.0015
vn 0.8250 0.4191 0.3791
vn 0.8246 0.4185 0.3805
vn 0.6195 0.3530 0.7011
vn 0.6189 0.3519 0.7022
vn 0.3217 0.2343 0.9174
vn 0.3206 0.2318 0.9184
vn -0.0262 0.0791 0.9965
vn -0.0320 0.0750 0.9967
vn -0.3900 -0.0760 0.9177
vn -0.3834 -0.0791 0.9202
vn -0.6997 -0.1843 0.6902
vn -0.7064 -0.1780 0.6851
vn -0.8979 -0.2480 0.3636
vn -0.9016 -0.2444 0.3571
vn -0.9602 -0.2791 -0.0138
vn -0.9606 -0.2774 -0.0172
vn -0.3812 -0.0871 0.9204
vn -0.6752 -0.2233 0.7030
vn 0.3770 -0.9237 0.0687
vn 0.3812 0.0871 -0.9204
vn 0.6752 0.2233 -0.7030
vn -0.8664 -0.3255 0.3786
vn 0.8664 0.3255 -0.3786
vn -0.9258 -0.3781 -0.0035
vn 0.9258 0.3781 0.0035
vn -0.8441 -0.3732 -0.3850
vn 0.3273 0.2023 0.9230
vn 0.6340 0.3114 0.7079
vn 0.8441 0.3731 0.3850
vn -0.6340 -0.3114 -0.7079
vn -0.3273 -0.2023 -0.9230
vn -0.0292 0.0623 0.9976
vn 0.0292 -0.0623 -0.9976
vn -0.8993 -0.4361 -0.0325
vn -0.8314 -0.3750 -0.4100
vn -0.9004 -0.4338 -0.0338
vn -0.8309 -0.3779 -0.4084
vn -0.6388 -0.2498 -0.7277
vn -0.6385 -0.2500 -0.7279
vn -0.3510 -0.0854 -0.9325
vn -0.0119 0.0953 -0.9954
vn -0.0102 0.0964 -0.9953
vn 0.3315 0.2655 -0.9053
vn 0.3307 0.2675 -0.9050
vn 0.6141 0.4028 -0.6787
vn 0.6139 0.4049 -0.6776
vn 0.8085 0.4747 -0.3479
vn 0.8086 0.4745 -0.3478
vn 0.8792 0.4750 0.0355
vn 0.8792 0.4751 0.0368
vn 0.8149 0.4054 0.4142
vn 0.8158 0.4036 0.4142
vn 0.6302 0.2689 0.7283
vn 0.6313 0.2673 0.7280
vn 0.3436 0.0980 0.9340
vn 0.3423 0.0969 0.9346
vn 0.0030 -0.0844 0.9964
vn 0.0029 -0.0843 0.9964
vn -0.3391 -0.2500 0.9069
vn -0.3398 -0.2500 0.9067
vn -0.6291 -0.3771 0.6797
vn -0.6322 -0.3754 0.6778
vn -0.8298 -0.4368 0.3473
vn -0.8320 -0.4346 0.3450
vn 0.6240 0.3860 -0.6794
vn 0.3349 0.2559 -0.9069
vn 0.4605 -0.8841 -0.0794
vn -0.8181 -0.4574 0.3486
vn -0.6240 -0.3860 0.6795
vn -0.6240 -0.3860 0.6794
vn 0.8181 0.4574 -0.3486
vn 0.6240 0.3860 -0.6795
vn -0.8876 -0.4592 -0.0353
vn 0.6313 0.2634 0.7294
vn 0.8221 0.3911 0.4139
vn 0.8876 0.4592 0.0353
vn -0.8221 -0.3910 -0.4139
vn -0.6313 -0.2634 -0.7294
vn 0.3445 0.0956 0.9339
vn -0.3445 -0.0956 -0.9339
vn 0.0052 -0.0867 0.9962
vn -0.0052 0.0867 -0.9962
vn -0.3349 -0.2559 0.9069
vn -0.9608 -0.2764 -0.0196
vn -0.8902 -0.2369 -0.3891
vn -0.8866 -0.2406 -0.3951
vn -0.6823 -0.1657 -0.7120
vn -0.6770 -0.1718 -0.7156
vn -0.3593 -0.0580 -0.9314
vn -0.3541 -0.0608 -0.9332
vn -0.0000 0.0943 -0.9955
vn 0.0049 0.0978 -0.9952
vn 0.3504 0.2482 -0.9031
vn 0.3510 0.2503 -0.9023
vn 0.6424 0.3630 -0.6750
vn 0.6426 0.3639 -0.6742
vn 0.8379 0.4226 -0.3455
vn 0.9073 0.4191 0.0345
vn 0.9075 0.4185 0.0360
vn 0.8407 0.3530 0.4107
vn 0.8405 0.3519 0.4120
vn 0.6483 0.2343 0.7245
vn 0.6477 0.2318 0.7258
vn 0.3572 0.0791 0.9307
vn 0.3518 0.0750 0.9331
vn -0.0091 -0.0760 0.9971
vn -0.0021 -0.0791 0.9969
vn -0.3823 -0.1843 0.9055
vn -0.3904 -0.1780 0.9033
vn -0.6904 -0.2480 0.6795
vn -0.6963 -0.2444 0.6749
vn -0.8924 -0.2791 0.3546
vn -0.8941 -0.2774 0.3517
vn -0.3548 -0.2233 0.9079
vn -0.0000 -0.0872 0.9962
vn 0.3746 -0.9237 -0.0808
vn -0.0000 0.0872 -0.9962
vn 0.3548 0.2233 -0.9079
vn -0.6556 -0.3255 0.6813
vn 0.6556 0.3255 -0.6813
vn -0.8566 -0.3781 0.3511
vn 0.8566 0.3781 -0.3511
vn -0.9272 -0.3732 -0.0327
vn 0.8566 0.3114 0.4114
vn 0.6556 0.2023 0.7275
vn 0.9272 0.3732 0.0326
vn -0.8566 -0.3114 -0.4114
vn -0.6556 -0.2022 -0.7275
vn 0.3548 0.0623 0.9329
vn -0.3548 -0.0623 -0.9329
vn -0.8433 -0.4361 0.3141
vn -0.9250 -0.3750 -0.0606
vn -0.8447 -0.4338 0.3134
vn -0.9240 -0.3779 -0.0594
vn -0.8686 -0.2498 -0.4278
vn -0.8685 -0.2500 -0.4281
vn -0.6811 -0.0854 -0.7272
vn -0.3920 0.0953 -0.9150
vn -0.3903 0.0964 -0.9156
vn -0.0402 0.2655 -0.9633
vn -0.0408 0.2675 -0.9627
vn 0.3076 0.4028 -0.8620
vn 0.3078 0.4049 -0.8610
vn 0.6138 0.4747 -0.6308
vn 0.6139 0.4745 -0.6308
vn 0.8259 0.4750 -0.3037
vn 0.8263 0.4751 -0.3024
vn 0.9114 0.4054 0.0708
vn 0.9122 0.4036 0.0704
vn 0.8610 0.2689 0.4317
vn 0.8619 0.2673 0.4310
vn 0.6749 0.0980 0.7314
vn 0.6739 0.0969 0.7325
vn 0.3841 -0.0844 0.9194
vn 0.3840 -0.0843 0.9195
vn 0.0338 -0.2500 0.9676
vn 0.0330 -0.2500 0.9677
vn -0.3211 -0.3771 0.8687
vn -0.3247 -0.3754 0.8681
vn -0.6337 -0.4368 0.6384
vn -0.6366 -0.4346 0.6371
vn 0.3164 0.3860 -0.8665
vn -0.0377 0.2559 -0.9660
vn 0.3951 -0.8841 -0.2496
vn -0.6224 -0.4574 0.6351
vn -0.3164 -0.3860 0.8665
vn -0.3165 -0.3860 0.8665
vn 0.6224 0.4574 -0.6351
vn -0.8336 -0.4592 0.3070
vn 0.8624 0.2633 0.4323
vn 0.9179 0.3910 0.0678
vn 0.9179 0.3911 0.0678
vn 0.8336 0.4592 -0.3070
vn -0.9179 -0.3911 -0.0678
vn -0.8624 -0.2633 -0.4323
vn 0.6757 0.0956 0.7310
vn -0.6757 -0.0956 -0.7310
vn 0.3861 -0.0868 0.9184
vn -0.3860 0.0867 -0.9184
vn 0.0377 -0.2559 0.9660
vn -0.3861 0.0867 -0.9184
vn -0.8952 -0.2764 0.3496
vn -0.9713 -0.2369 -0.0188
vn -0.9703 -0.2406 -0.0258
vn -0.9029 -0.1657 -0.3967
vn -0.8993 -0.1718 -0.4021
vn -0.6883 -0.0580 -0.7231
vn -0.6843 -0.0608 -0.7267
vn -0.3810 0.0943 -0.9198
vn -0.3763 0.0978 -0.9213
vn -0.0219 0.2482 -0.9685
vn -0.0210 0.2503 -0.9679
vn 0.3352 0.3630 -0.8694
vn 0.3357 0.3639 -0.8688
vn 0.6419 0.4226 -0.6398
vn 0.8514 0.4191 -0.3153
vn 0.8522 0.4185 -0.3140
vn 0.9338 0.3530 0.0577
vn 0.9342 0.3519 0.0589
vn 0.8762 0.2343 0.4213
vn 0.8761 0.2318 0.4227
vn 0.6861 0.0791 0.7232
vn 0.6821 0.0750 0.7274
vn 0.3732 -0.0760 0.9246
vn 0.3795 -0.0791 0.9218
vn -0.0067 -0.1843 0.9828
vn -0.0150 -0.1780 0.9839
vn -0.3778 -0.2480 0.8920
vn -0.3850 -0.2444 0.8900
vn -0.6887 -0.2791 0.6691
vn -0.6914 -0.2774 0.6671
vn 0.3812 -0.0871 0.9204
vn 0.0196 -0.2233 0.9745
vn 0.3152 -0.9237 -0.2180
vn -0.3812 0.0872 -0.9204
vn -0.0196 0.2233 -0.9745
vn -0.3450 -0.3255 0.8804
vn 0.3450 0.3255 -0.8804
vn -0.6571 -0.3781 0.6521
vn 0.6571 0.3781 -0.6521
vn -0.6570 -0.3781 0.6522
vn -0.8691 -0.3732 0.3246
vn 0.8841 0.2023 0.4212
vn 0.9488 0.3114 0.0523
vn 0.8691 0.3732 -0.3247
vn -0.8691 -0.3732 0.3247
vn -0.9488 -0.3114 -0.0523
vn -0.8841 -0.2023 -0.4212
vn 0.6848 0.0623 0.7261
vn -0.6848 -0.0623 -0.7261
vn -0.6589 -0.4361 0.6129
vn -0.8778 -0.3750 0.2980
vn -0.6605 -0.4338 0.6128
vn -0.8763 -0.3779 0.2987
vn -0.9662 -0.2498 -0.0629
vn -0.9662 -0.2500 -0.0632
vn -0.9075 -0.0854 -0.4112
vn -0.7123 0.0953 -0.6954
vn -0.7110 0.0964 -0.6966
vn -0.4057 0.2655 -0.8746
vn -0.4061 0.2675 -0.8738
vn -0.0457 0.4028 -0.9141
vn -0.0451 0.4049 -0.9132
vn 0.3256 0.4747 -0.8177
vn 0.3258 0.4745 -0.8177
vn 0.6468 0.4750 -0.5966
vn 0.6477 0.4751 -0.5956
vn 0.8691 0.4054 -0.2833
vn 0.8698 0.4036 -0.2840
vn 0.9607 0.2689 0.0694
vn 0.9612 0.2672 0.0684
vn 0.9034 0.0980 0.4175
vn 0.9029 0.0969 0.4188
vn 0.7067 -0.0844 0.7025
vn 0.7066 -0.0843 0.7025
vn 0.4016 -0.2500 0.8810
vn 0.4008 -0.2500 0.8814
vn 0.0358 -0.3771 0.9255
vn 0.0322 -0.3754 0.9263
vn -0.3412 -0.4368 0.8324
vn -0.3444 -0.4346 0.8322
vn -0.4045 0.2559 -0.8780
vn -0.0392 0.3860 -0.9217
vn 0.2695 -0.8841 -0.3818
vn -0.3320 -0.4575 0.8249
vn 0.0392 -0.3860 0.9217
vn 0.3320 0.4574 -0.8250
vn -0.6526 -0.4592 0.6027
vn 0.9622 0.2634 0.0694
vn 0.8739 0.3911 -0.2886
vn 0.6526 0.4592 -0.6027
vn -0.8739 -0.3910 0.2886
vn -0.9622 -0.2634 -0.0693
vn 0.9040 0.0956 0.4168
vn 0.9622 0.2634 0.0693
vn -0.9040 -0.0956 -0.4168
vn 0.7081 -0.0867 0.7007
vn -0.7081 0.0867 -0.7007
vn 0.4045 -0.2559 0.8780
vn -0.6932 -0.2764 0.6656
vn -0.9046 -0.2369 0.3544
vn -0.9063 -0.2406 0.3475
vn -0.9860 -0.1657 -0.0210
vn -0.9847 -0.1718 -0.0273
vn -0.9127 -0.0580 -0.4046
vn -0.9103 -0.0608 -0.4095
vn -0.7040 0.0943 -0.7040
vn -0.7002 0.0978 -0.7072
vn -0.3908 0.2482 -0.8864
vn -0.3898 0.2503 -0.8862
vn -0.0231 0.3630 -0.9315
vn -0.0224 0.3639 -0.9312
vn 0.3482 0.4226 -0.8368
vn 0.6660 0.4191 -0.6171
vn 0.6671 0.4185 -0.6162
vn 0.8848 0.3530 -0.3041
vn 0.8856 0.3519 -0.3030
vn 0.9707 0.2343 0.0539
vn 0.9712 0.2318 0.0552
vn 0.9106 0.0791 0.4055
vn 0.9085 0.0750 0.4110
vn 0.6986 -0.0760 0.7115
vn 0.7034 -0.0791 0.7064
vn 0.3699 -0.1843 0.9106
vn 0.3626 -0.1780 0.9148
vn -0.0077 -0.2480 0.9687
vn -0.0151 -0.2444 0.9696
vn -0.3802 -0.2791 0.8818
vn -0.3835 -0.2774 0.8809
vn 0.3911 -0.2233 0.8929
vn 0.7044 -0.0871 0.7044
vn 0.2077 -0.9237 -0.3220
vn 0.2078 -0.9237 -0.3220
vn -0.7044 0.0872 -0.7044
vn -0.3911 0.2233 -0.8929
vn 0.0182 -0.3255 0.9454
vn -0.0182 0.3255 -0.9454
vn -0.3575 -0.3782 0.8539
vn 0.3575 0.3781 -0.8540
vn -0.6787 -0.3732 0.6325
vn 0.9780 0.2023 0.0508
vn 0.8966 0.3114 -0.3148
vn 0.6787 0.3732 -0.6325
vn -0.8966 -0.3114 0.3148
vn -0.9780 -0.2023 -0.0508
vn 0.9105 0.0623 0.4087
vn -0.9105 -0.0623 -0.4087
vn -0.3742 -0.4361 0.8184
vn -0.6970 -0.3750 0.6112
vn -0.3757 -0.4338 0.8189
vn -0.6953 -0.3779 0.6114
vn -0.9167 -0.2498 0.3117
vn -0.9168 -0.2500 0.3114
vn -0.9958 -0.0854 -0.0326
vn -0.9242 0.0953 -0.3699
vn -0.9234 0.0964 -0.3715
vn -0.7095 0.2655 -0.6527
vn -0.7096 0.2675 -0.6519
vn -0.3920 0.4028 -0.8271
vn -0.3911 0.4049 -0.8265
vn -0.0121 0.4747 -0.8801
vn -0.0119 0.4745 -0.8802
vn 0.3692 0.4750 -0.7987
vn 0.3705 0.4751 -0.7982
vn 0.6945 0.4054 -0.5944
vn 0.6949 0.4036 -0.5952
vn 0.9141 0.2689 -0.3035
vn 0.9142 0.2673 -0.3047
vn 0.9944 0.0980 0.0400
vn 0.9944 0.0969 0.0414
vn 0.9217 -0.0844 0.3786
vn 0.9217 -0.0843 0.3786
vn 0.7081 -0.2500 0.6603
vn 0.7076 -0.2500 0.6609
vn 0.3872 -0.3771 0.8413
vn 0.3842 -0.3754 0.8435
vn 0.0034 -0.4368 0.8995
vn 0.0003 -0.4346 0.9006
vn -0.3889 0.3860 -0.8365
vn -0.7097 0.2559 -0.6564
vn 0.1029 -0.8841 -0.4558
vn 0.1029 -0.8841 -0.4559
vn 0.0090 -0.4575 0.8892
vn 0.3890 -0.3860 0.8365
vn -0.0090 0.4574 -0.8892
vn -0.3723 -0.4592 0.8065
vn 0.9155 0.2634 -0.3041
vn 0.6970 0.3911 -0.6011
vn 0.3723 0.4592 -0.8066
vn -0.6970 -0.3911 0.6011
vn -0.9155 -0.2634 0.3041
vn 0.9947 0.0956 0.0391
vn -0.9155 -0.2634 0.3042
vn -0.9947 -0.0956 -0.0391
vn 0.9224 -0.0867 0.3764
vn -0.9224 0.0867 -0.3764
vn 0.7097 -0.2559 0.6564
vn -0.3858 -0.2764 0.8802
vn -0.7001 -0.2369 0.6736
vn -0.7043 -0.2406 0.6679
vn -0.9189 -0.1657 0.3579
vn -0.9202 -0.1718 0.3516
vn -0.9980 -0.0580 -0.0245
vn -0.9977 -0.0608 -0.0300
vn -0.9198 0.0943 -0.3810
vn -0.9176 0.0978 -0.3854
vn -0.7003 0.2482 -0.6693
vn -0.6993 0.2503 -0.6696
vn -0.3778 0.3630 -0.8518
vn -0.3770 0.3639 -0.8517
vn 0.0015 0.4226 -0.9063
vn 0.3791 0.4191 -0.8250
vn 0.3805 0.4185 -0.8246
vn 0.7011 0.3530 -0.6195
vn 0.7022 0.3519 -0.6189
vn 0.9174 0.2343 -0.3217
vn 0.9184 0.2318 -0.3206
vn 0.9965 0.0791 0.0262
vn 0.9967 0.0750 0.0320
vn 0.9177 -0.0760 0.3900
vn 0.9202 -0.0791 0.3834
vn 0.6902 -0.1843 0.6997
vn 0.6851 -0.1780 0.7064
vn 0.3636 -0.2480 0.8979
vn 0.3570 -0.2444 0.9016
vn -0.0138 -0.2791 0.9602
vn -0.0172 -0.2774 0.9606
vn 0.7030 -0.2233 0.6752
vn 0.9204 -0.0872 0.3812
vn 0.0687 -0.9237 -0.3770
vn -0.9204 0.0872 -0.3812
vn -0.7030 0.2233 -0.6752
vn 0.3786 -0.3255 0.8664
vn -0.3786 0.3255 -0.8664
vn -0.0035 -0.3781 0.9257
vn 0.0035 0.3781 -0.9257
vn -0.3850 -0.3732 0.8441
vn 0.9230 0.2023 -0.3273
vn 0.7079 0.3114 -0.6340
vn 0.3850 0.3732 -0.8441
vn -0.7079 -0.3114 0.6340
vn -0.9230 -0.2023 0.3273
vn 0.9976 0.0623 0.0292
vn -0.9976 -0.0623 -0.0292
vn -0.0325 -0.4361 0.8993
vn -0.4100 -0.3750 0.8314
vn -0.0338 -0.4338 0.9004
vn -0.4084 -0.3779 0.8309
vn -0.7277 -0.2498 0.6388
vn -0.7279 -0.2500 0.6385
vn -0.9325 -0.0854 0.3510
vn -0.9954 0.0953 0.0120
vn -0.9953 0.0964 0.0102
vn -0.9053 0.2655 -0.3315
vn -0.9050 0.2675 -0.3307
vn -0.6787 0.4028 -0.6141
vn -0.6776 0.4049 -0.6139
vn -0.3479 0.4747 -0.8085
vn -0.3478 0.4745 -0.8086
vn 0.0355 0.4750 -0.8792
vn 0.0368 0.4751 -0.8792
vn 0.4142 0.4054 -0.8149
vn 0.4142 0.4036 -0.8158
vn 0.7283 0.2689 -0.6302
vn 0.7280 0.2673 -0.6313
vn 0.9340 0.0980 -0.3436
vn 0.9346 0.0969 -0.3423
vn 0.9964 -0.0844 -0.0030
vn 0.9964 -0.0843 -0.0029
vn 0.9069 -0.2500 0.3391
vn 0.9067 -0.2500 0.3398
vn 0.6797 -0.3771 0.6291
vn 0.6778 -0.3754 0.6322
vn 0.3473 -0.4368 0.8298
vn 0.3450 -0.4346 0.8320
vn -0.6794 0.3860 -0.6240
vn -0.9069 0.2559 -0.3349
vn -0.0794 -0.8841 -0.4605
vn 0.3486 -0.4574 0.8181
vn 0.6795 -0.3860 0.6240
vn 0.6794 -0.3860 0.6240
vn -0.3486 0.4574 -0.8181
vn -0.6795 0.3860 -0.6240
vn -0.0353 -0.4592 0.8876
vn 0.4139 0.3911 -0.8221
vn 0.7294 0.2634 -0.6313
vn 0.0353 0.4592 -0.8876
vn -0.4139 -0.3910 0.8221
vn -0.7294 -0.2634 0.6313
vn 0.9339 0.0956 -0.3445
vn 0.7294 0.2633 -0.6313
vn -0.9339 -0.0956 0.3445
vn 0.9962 -0.0867 -0.0052
vn -0.9962 0.0867 0.0052
vn 0.9069 -0.2559 0.3349
vn -0.0196 -0.2764 0.9608
vn -0.3891 -0.2369 0.8902
vn -0.3951 -0.2406 0.8866
vn -0.7120 -0.1657 0.6823
vn -0.7156 -0.1718 0.6770
vn -0.9314 -0.0580 0.3593
vn -0.9332 -0.0608 0.3541
vn -0.9955 0.0943 -0.0000
vn -0.9952 0.0978 -0.0049
vn -0.9031 0.2482 -0.3504
vn -0.9023 0.2503 -0.3510
vn -0.6750 0.3630 -0.6424
vn -0.6742 0.3639 -0.6426
vn -0.3455 0.4226 -0.8379
vn 0.0345 0.4191 -0.9073
vn 0.0360 0.4185 -0.9075
vn 0.4107 0.3530 -0.8407
vn 0.4120 0.3519 -0.8405
vn 0.7245 0.2343 -0.6483
vn 0.7258 0.2318 -0.6477
vn 0.9307 0.0791 -0.3572
vn 0.9331 0.0750 -0.3518
vn 0.9971 -0.0760 0.0091
vn 0.9969 -0.0791 0.0021
vn 0.9055 -0.1843 0.3823
vn 0.9033 -0.1780 0.3904
vn 0.6795 -0.2480 0.6904
vn 0.6749 -0.2444 0.6963
vn 0.3546 -0.2791 0.8924
vn 0.3517 -0.2774 0.8941
vn 0.9079 -0.2233 0.3548
vn 0.9962 -0.0872 -0.0000
vn -0.0808 -0.9237 -0.3746
vn -0.9962 0.0871 -0.0000
vn -0.9079 0.2233 -0.3548
vn 0.6813 -0.3255 0.6556
vn -0.6813 0.3255 -0.6556
vn 0.3511 -0.3781 0.8566
vn -0.3511 0.3781 -0.8566
vn -0.0327 -0.3732 0.9272
vn 0.7275 0.2023 -0.6556
vn 0.4114 0.3114 -0.8566
vn 0.0326 0.3732 -0.9272
vn -0.4114 -0.3114 0.8566
vn -0.7275 -0.2022 0.6556
vn 0.9329 0.0623 -0.3548
vn -0.9329 -0.0623 0.3548
vn 0.3141 -0.4361 0.8433
vn -0.0606 -0.3750 0.9250
vn 0.3134 -0.4338 0.8447
vn -0.0594 -0.3779 0.9240
vn -0.4278 -0.2498 0.8686
vn -0.4281 -0.2500 0.8685
vn -0.7272 -0.0854 0.6811
vn -0.9150 0.0953 0.3920
vn -0.9156 0.0964 0.3903
vn -0.9633 0.2655 0.0402
vn -0.9627 0.2675 0.0408
vn -0.8620 0.4028 -0.3076
vn -0.8610 0.4049 -0.3078
vn -0.6308 0.4747 -0.6138
vn -0.6308 0.4745 -0.6139
vn -0.3037 0.4750 -0.8259
vn -0.3024 0.4751 -0.8264
vn 0.0708 0.4054 -0.9114
vn 0.0704 0.4036 -0.9122
vn 0.4317 0.2689 -0.8610
vn 0.4310 0.2673 -0.8619
vn 0.7314 0.0980 -0.6749
vn 0.7325 0.0969 -0.6739
vn 0.9194 -0.0844 -0.3841
vn 0.9195 -0.0843 -0.3840
vn 0.9676 -0.2500 -0.0338
vn 0.9677 -0.2500 -0.0330
vn 0.8687 -0.3771 0.3211
vn 0.8681 -0.3754 0.3247
vn 0.6384 -0.4368 0.6337
vn 0.6371 -0.4346 0.6366
vn -0.9660 0.2559 0.0377
vn -0.8665 0.3860 -0.3165
vn -0.2496 -0.8841 -0.3951
vn 0.8665 -0.3860 0.3165
vn 0.6351 -0.4575 0.6224
vn -0.6351 0.4574 -0.6224
vn 0.3070 -0.4592 0.8336
vn 0.0678 0.3910 -0.9179
vn 0.4323 0.2634 -0.8624
vn -0.3070 0.4592 -0.8336
vn -0.0678 -0.3910 0.9179
vn -0.4323 -0.2633 0.8624
vn -0.0678 -0.3911 0.9179
vn 0.7310 0.0956 -0.6757
vn -0.7310 -0.0956 0.6757
vn 0.9184 -0.0868 -0.3861
vn -0.9184 0.0867 0.3861
vn 0.9660 -0.2558 -0.0377
vn 0.9184 -0.0867 -0.3861
vn 0.3496 -0.2764 0.8952
vn -0.0188 -0.2369 0.9713
vn -0.0258 -0.2406 0.9703
vn -0.3967 -0.1657 0.9029
vn -0.4021 -0.1718 0.8993
vn -0.7231 -0.0580 0.6883
vn -0.7267 -0.0608 0.6843
vn -0.9198 0.0943 0.3810
vn -0.9213 0.0978 0.3763
vn -0.9685 0.2482 0.0219
vn -0.9679 0.2503 0.0210
vn -0.8694 0.3630 -0.3352
vn -0.8688 0.3639 -0.3357
vn -0.6398 0.4226 -0.6419
vn -0.3153 0.4191 -0.8515
vn -0.3140 0.4185 -0.8522
vn 0.0577 0.3530 -0.9338
vn 0.0589 0.3519 -0.9342
vn 0.4213 0.2343 -0.8762
vn 0.4227 0.2318 -0.8761
vn 0.7232 0.0791 -0.6861
vn 0.7274 0.0750 -0.6821
vn 0.9246 -0.0760 -0.3732
vn 0.9218 -0.0791 -0.3795
vn 0.9828 -0.1843 0.0067
vn 0.9839 -0.1780 0.0150
vn 0.8920 -0.2480 0.3778
vn 0.8900 -0.2444 0.3850
vn 0.6691 -0.2791 0.6887
vn 0.6671 -0.2774 0.6914
vn 0.9204 -0.0872 -0.3812
vn 0.9745 -0.2234 -0.0196
vn -0.2180 -0.9237 -0.3152
vn -0.9204 0.0872 0.3812
vn -0.9745 0.2233 0.0196
vn 0.9745 -0.2233 -0.0196
vn 0.8804 -0.3255 0.3450
vn -0.8804 0.3255 -0.3450
vn 0.6522 -0.3781 0.6570
vn -0.6522 0.3781 -0.6571
vn 0.3246 -0.3732 0.8691
vn 0.4212 0.2023 -0.8841
vn 0.0523 0.3114 -0.9488
vn -0.3247 0.3732 -0.8691
vn 0.3247 -0.3732 0.8691
vn -0.0523 -0.3114 0.9488
vn -0.4212 -0.2023 0.8841
vn 0.7261 0.0623 -0.6848
vn -0.7261 -0.0623 0.6848
vn 0.6129 -0.4361 0.6589
vn 0.2980 -0.3750 0.8778
vn 0.6128 -0.4338 0.6605
vn 0.2987 -0.3779 0.8763
vn -0.0629 -0.2498 0.9662
vn -0.0632 -0.2500 0.9662
vn -0.4112 -0.0854 0.9075
vn -0.6954 0.0953 0.7123
vn -0.6966 0.0964 0.7110
vn -0.8746 0.2655 0.4057
vn -0.8738 0.2675 0.4061
vn -0.9141 0.4028 0.0457
vn -0.9132 0.4049 0.0451
vn -0.8177 0.4747 -0.3256
vn -0.8177 0.4745 -0.3258
vn -0.5966 0.4750 -0.6468
vn -0.5956 0.4751 -0.6477
vn -0.2833 0.4054 -0.8691
vn -0.2840 0.4036 -0.8698
vn 0.0694 0.2689 -0.9607
vn 0.0684 0.2672 -0.9612
vn 0.4175 0.0980 -0.9034
vn 0.4188 0.0969 -0.9029
vn 0.7025 -0.0844 -0.7067
vn 0.7025 -0.0843 -0.7066
vn 0.8810 -0.2500 -0.4015
vn 0.8814 -0.2500 -0.4008
vn 0.9255 -0.3771 -0.0358
vn 0.9263 -0.3754 -0.0322
vn 0.8324 -0.4368 0.3411
vn 0.8322 -0.4346 0.3444
vn -0.8780 0.2559 0.4045
vn -0.9216 0.3860 0.0392
vn -0.3818 -0.8841 -0.2695
vn 0.8249 -0.4575 0.3320
vn 0.9217 -0.3860 -0.0392
vn -0.8250 0.4574 -0.3320
vn 0.6026 -0.4592 0.6526
vn -0.2886 0.3911 -0.8739
vn 0.0694 0.2634 -0.9622
vn -0.6027 0.4592 -0.6526
vn 0.2886 -0.3910 0.8739
vn -0.0694 -0.2634 0.9622
vn 0.0693 0.2634 -0.9622
vn 0.4168 0.0956 -0.9040
vn -0.4168 -0.0956 0.9040
vn -0.0693 -0.2634 0.9622
vn 0.7007 -0.0867 -0.7081
vn -0.7008 0.0867 0.7081
vn 0.8780 -0.2559 -0.4045
vn -0.7007 0.0867 0.7081
vn 0.6656 -0.2764 0.6932
vn 0.3544 -0.2369 0.9046
vn 0.3475 -0.2406 0.9063
vn -0.0210 -0.1657 0.9859
vn -0.0273 -0.1718 0.9847
vn -0.4046 -0.0580 0.9127
vn -0.4095 -0.0608 0.9103
vn -0.7040 0.0943 0.7040
vn -0.7072 0.0978 0.7002
vn -0.8864 0.2482 0.3908
vn -0.8862 0.2503 0.3898
vn -0.9315 0.3630 0.0231
vn -0.9312 0.3639 0.0224
vn -0.8368 0.4226 -0.3482
vn -0.6171 0.4191 -0.6660
vn -0.6162 0.4185 -0.6671
vn -0.3041 0.3530 -0.8848
vn -0.3030 0.3519 -0.8856
vn 0.0539 0.2343 -0.9707
vn 0.0552 0.2318 -0.9712
vn 0.4055 0.0791 -0.9106
vn 0.4110 0.0750 -0.9085
vn 0.7115 -0.0760 -0.6986
vn 0.7064 -0.0791 -0.7034
vn 0.9106 -0.1843 -0.3699
vn 0.9148 -0.1780 -0.3626
vn 0.9687 -0.2480 0.0077
vn 0.9696 -0.2443 0.0151
vn 0.8818 -0.2791 0.3802
vn 0.8809 -0.2774 0.3835
vn 0.8928 -0.2234 -0.3911
vn 0.7044 -0.0871 -0.7044
vn -0.3220 -0.9237 -0.2077
vn -0.3220 -0.9237 -0.2078
vn -0.8929 0.2233 0.3911
vn -0.7044 0.0872 0.7044
vn 0.9454 -0.3255 -0.0182
vn -0.9454 0.3255 0.0182
vn 0.8540 -0.3781 0.3575
vn -0.8540 0.3781 -0.3575
vn 0.6325 -0.3732 0.6787
vn 0.0508 0.2022 -0.9780
vn -0.3148 0.3114 -0.8966
vn -0.6325 0.3732 -0.6787
vn 0.3148 -0.3114 0.8966
vn -0.0508 -0.2022 0.9780
vn 0.4087 0.0623 -0.9105
vn 0.0508 0.2023 -0.9780
vn -0.4087 -0.0623 0.9105
vn 0.8184 -0.4361 0.3742
vn 0.6112 -0.3750 0.6970
vn 0.8189 -0.4338 0.3757
vn 0.6114 -0.3779 0.6953
vn 0.3117 -0.2498 0.9167
vn 0.3114 -0.2500 0.9168
vn -0.0326 -0.0854 0.9958
vn -0.3699 0.0953 0.9242
vn -0.3715 0.0964 0.9234
vn -0.6527 0.2655 0.7095
vn -0.6519 0.2675 0.7096
vn -0.8271 0.4028 0.3920
vn -0.8265 0.4049 0.3911
vn -0.8801 0.4747 0.0121
vn -0.8802 0.4745 0.0119
vn -0.7987 0.4750 -0.3692
vn -0.7982 0.4751 -0.3705
vn -0.5943 0.4054 -0.6945
vn -0.5952 0.4036 -0.6949
vn -0.3035 0.2689 -0.9141
vn -0.3047 0.2672 -0.9142
vn 0.0400 0.0980 -0.9944
vn 0.0414 0.0969 -0.9944
vn 0.3786 -0.0844 -0.9217
vn 0.3786 -0.0843 -0.9217
vn 0.6603 -0.2500 -0.7081
vn 0.6609 -0.2500 -0.7076
vn 0.8413 -0.3771 -0.3872
vn 0.8435 -0.3754 -0.3842
vn 0.8996 -0.4368 -0.0033
vn 0.9006 -0.4346 -0.0003
vn -0.6564 0.2558 0.7097
vn -0.8365 0.3860 0.3889
vn -0.4558 -0.8841 -0.1029
vn -0.4559 -0.8841 -0.1029
vn 0.8892 -0.4575 -0.0090
vn 0.8365 -0.3860 -0.3889
vn -0.8365 0.3860 0.3890
vn -0.8892 0.4574 0.0090
vn 0.8065 -0.4592 0.3723
vn -0.3042 0.2634 -0.9155
vn -0.6011 0.3911 -0.6970
vn -0.8066 0.4592 -0.3723
vn 0.6011 -0.3911 0.6970
vn 0.3042 -0.2633 0.9155
vn 0.0391 0.0956 -0.9947
vn -0.3041 0.2633 -0.9155
vn -0.0391 -0.0956 0.9947
vn 0.3764 -0.0867 -0.9224
vn -0.3764 0.0867 0.9224
vn 0.6564 -0.2559 -0.7097
vn 0.8802 -0.2764 0.3858
vn 0.6736 -0.2369 0.7001
vn 0.6679 -0.2406 0.7043
vn 0.3579 -0.1657 0.9189
vn 0.3516 -0.1718 0.9202
vn -0.0245 -0.0580 0.9980
vn -0.0300 -0.0608 0.9977
vn -0.3810 0.0943 0.9198
vn -0.3854 0.0978 0.9176
vn -0.6693 0.2482 0.7003
vn -0.6696 0.2503 0.6993
vn -0.8518 0.3630 0.3778
vn -0.8517 0.3639 0.3770
vn -0.9063 0.4226 -0.0015
vn -0.8250 0.4191 -0.3791
vn -0.8246 0.4186 -0.3805
vn -0.6195 0.3530 -0.7011
vn -0.6189 0.3519 -0.7022
vn -0.3217 0.2343 -0.9174
vn -0.3206 0.2318 -0.9184
vn 0.0262 0.0791 -0.9965
vn 0.0320 0.0750 -0.9967
vn 0.3900 -0.0760 -0.9177
vn 0.3834 -0.0791 -0.9202
vn 0.6997 -0.1843 -0.6902
vn 0.7064 -0.1780 -0.6851
vn 0.8979 -0.2481 -0.3636
vn 0.9016 -0.2444 -0.3571
vn 0.9602 -0.2791 0.0138
vn 0.9606 -0.2774 0.0172
vn 0.3812 -0.0872 -0.9204
vn 0.6752 -0.2233 -0.7030
vn -0.3770 -0.9237 -0.0687
vn -0.3812 0.0871 0.9204
vn -0.6752 0.2233 0.7030
vn 0.8664 -0.3255 -0.3786
vn -0.8664 0.3255 0.3786
vn 0.9258 -0.3781 0.0035
vn -0.9257 0.3781 -0.0035
vn 0.8441 -0.3732 0.3850
vn -0.6340 0.3114 -0.7079
vn -0.3273 0.2022 -0.9230
vn -0.8441 0.3731 -0.3850
vn 0.6340 -0.3114 0.7079
vn 0.3273 -0.2023 0.9230
vn 0.0292 0.0623 -0.9976
vn -0.0292 -0.0623 0.9976
vn 0.8993 -0.4361 0.0325
vn 0.8314 -0.3750 0.4100
vn 0.9004 -0.4338 0.0338
vn 0.8309 -0.3779 0.4084
vn 0.6388 -0.2498 0.7277
vn 0.6385 -0.2500 0.7279
vn 0.3510 -0.0854 0.9325
vn 0.0120 0.0953 0.9954
vn 0.0102 0.0964 0.9953
vn -0.3315 0.2655 0.9053
vn -0.3307 0.2675 0.9050
vn -0.6141 0.4028 0.6787
vn -0.6139 0.4049 0.6776
vn -0.8085 0.4747 0.3479
vn -0.8086 0.4745 0.3478
vn -0.8792 0.4750 -0.0355
vn -0.8792 0.4751 -0.0368
vn -0.8149 0.4054 -0.4142
vn -0.8158 0.4036 -0.4142
vn -0.6302 0.2689 -0.7284
vn -0.6313 0.2673 -0.7280
vn -0.3436 0.0980 -0.9340
vn -0.3423 0.0969 -0.9346
vn -0.0030 -0.0844 -0.9964
vn -0.0029 -0.0843 -0.9964
vn 0.3391 -0.2500 -0.9069
vn 0.3398 -0.2500 -0.9067
vn 0.6291 -0.3771 -0.6797
vn 0.6322 -0.3754 -0.6778
vn 0.8298 -0.4368 -0.3473
vn 0.8320 -0.4346 -0.3450
vn -0.3349 0.2558 0.9069
vn -0.6240 0.3860 0.6794
vn -0.4605 -0.8841 0.0794
vn 0.8181 -0.4574 -0.3486
vn 0.6240 -0.3860 -0.6795
vn 0.6240 -0.3860 -0.6794
vn -0.8181 0.4574 0.3486
vn 0.8876 -0.4592 0.0353
vn -0.8221 0.3911 -0.4139
vn -0.6313 0.2633 -0.7294
vn -0.8220 0.3911 -0.4139
vn -0.8876 0.4592 -0.0353
vn -0.8181 0.4575 0.3486
vn 0.8221 -0.3910 0.4139
vn 0.6313 -0.2633 0.7294
vn -0.6314 0.2634 -0.7294
vn -0.3445 0.0956 -0.9339
vn 0.3445 -0.0956 0.9339
vn -0.0052 -0.0867 -0.9962
vn 0.0052 0.0867 0.9962
vn 0.3349 -0.2559 -0.9069
vn 0.9608 -0.2764 0.0196
vn 0.8902 -0.2369 0.3891
vn 0.8866 -0.2406 0.3951
vn 0.6823 -0.1657 0.7120
vn 0.6770 -0.1718 0.7156
vn 0.3593 -0.0580 0.9314
vn 0.3541 -0.0608 0.9332
vn -0.0000 0.0943 0.9955
vn -0.0049 0.0978 0.9952
vn -0.3504 0.2482 0.9031
vn -0.3510 0.2503 0.9023
vn -0.6424 0.3630 0.6750
vn -0.6426 0.3639 0.6742
vn -0.8379 0.4226 0.3455
vn -0.9073 0.4191 -0.0345
vn -0.9075 0.4185 -0.0360
vn -0.8407 0.3530 -0.4107
vn -0.8405 0.3519 -0.4120
vn -0.6483 0.2343 -0.7245
vn -0.6477 0.2318 -0.7258
vn -0.3572 0.0791 -0.9307
vn -0.3518 0.0750 -0.9331
vn 0.0091 -0.0760 -0.9971
vn 0.0021 -0.0791 -0.9969
vn 0.3823 -0.1843 -0.9055
vn 0.3904 -0.1780 -0.9033
vn 0.6904 -0.2480 -0.6795
vn 0.6963 -0.2443 -0.6749
vn 0.8924 -0.2791 -0.3546
vn 0.8941 -0.2774 -0.3517
vn 0.3548 -0.2233 -0.9079
vn -0.0000 -0.0872 -0.9962
vn -0.3746 -0.9237 0.0808
vn -0.0000 0.0871 0.9962
vn -0.3548 0.2233 0.9079
vn 0.6556 -0.3255 -0.6813
vn -0.6556 0.3255 0.6813
vn 0.8566 -0.3781 -0.3511
vn -0.8566 0.3781 0.3511
vn 0.9272 -0.3732 0.0326
vn -0.8566 0.3114 -0.4114
vn -0.6556 0.2023 -0.7275
vn -0.9272 0.3732 -0.0327
vn 0.8566 -0.3114 0.4114
vn -0.9272 0.3731 -0.0327
vn 0.6556 -0.2023 0.7275
vn -0.3548 0.0623 -0.9329
vn 0.3548 -0.0623 0.9329
vn 0.8433 -0.4361 -0.3141
vn 0.9250 -0.3750 0.0606
vn 0.8447 -0.4338 -0.3134
vn 0.9240 -0.3779 0.0594
vn 0.8686 -0.2498 0.4278
vn 0.8685 -0.2500 0.4281
vn 0.6811 -0.0854 0.7272
vn 0.3920 0.0953 0.9150
vn 0.3903 0.0964 0.9156
vn 0.0402 0.2655 0.9633
vn 0.0408 0.2675 0.9627
vn -0.3076 0.4028 0.8620
vn -0.3078 0.4049 0.8610
vn -0.6138 0.4747 0.6308
vn -0.6139 0.4745 0.6308
vn -0.8259 0.4751 0.3037
vn -0.8263 0.4751 0.3024
vn -0.9114 0.4054 -0.0708
vn -0.9122 0.4036 -0.0704
vn -0.8610 0.2689 -0.4317
vn -0.8619 0.2673 -0.4310
vn -0.6748 0.0980 -0.7314
vn -0.6739 0.0969 -0.7325
vn -0.3841 -0.0844 -0.9194
vn -0.3840 -0.0843 -0.9195
vn -0.0338 -0.2500 -0.9676
vn -0.0330 -0.2500 -0.9677
vn 0.3211 -0.3771 -0.8687
vn 0.3247 -0.3754 -0.8681
vn 0.6337 -0.4368 -0.6384
vn 0.6366 -0.4346 -0.6371
vn 0.0377 0.2559 0.9660
vn -0.3165 0.3860 0.8665
vn -0.3951 -0.8841 0.2496
vn 0.3165 -0.3860 -0.8665
vn 0.6224 -0.4574 -0.6351
vn -0.6224 0.4574 0.6351
vn 0.8336 -0.4592 -0.3070
vn -0.8624 0.2633 -0.4323
vn -0.9179 0.3910 -0.0678
vn -0.8336 0.4592 0.3070
vn 0.9179 -0.3910 0.0678
vn 0.8624 -0.2633 0.4323
vn -0.6757 0.0956 -0.7310
vn 0.6757 -0.0956 0.7310
vn -0.3861 -0.0867 -0.9184
vn 0.3861 0.0867 0.9184
vn -0.0377 -0.2559 -0.9660
vn 0.8952 -0.2764 -0.3496
vn 0.9713 -0.2369 0.0188
vn 0.9703 -0.2406 0.0258
vn 0.9029 -0.1657 0.3967
vn 0.8993 -0.1718 0.4021
vn 0.6884 -0.0580 0.7231
vn 0.6843 -0.0607 0.7267
vn 0.3810 0.0943 0.9198
vn 0.3763 0.0978 0.9213
vn 0.0219 0.2482 0.9685
vn 0.0210 0.2503 0.9679
vn -0.3352 0.3630 0.8694
vn -0.3357 0.3639 0.8688
vn -0.6419 0.4226 0.6398
vn -0.8514 0.4191 0.3153
vn -0.8522 0.4185 0.3140
vn -0.9338 0.3530 -0.0577
vn -0.9342 0.3519 -0.0589
vn -0.8762 0.2343 -0.4212
vn -0.8761 0.2318 -0.4227
vn -0.6861 0.0791 -0.7232
vn -0.6821 0.0750 -0.7274
vn -0.3732 -0.0760 -0.9246
vn -0.3795 -0.0791 -0.9218
vn 0.0067 -0.1843 -0.9829
vn 0.0150 -0.1780 -0.9839
vn 0.3778 -0.2480 -0.8920
vn 0.3850 -0.2444 -0.8900
vn 0.6887 -0.2791 -0.6691
vn 0.6914 -0.2774 -0.6671
vn -0.0196 -0.2233 -0.9745
vn -0.3812 -0.0872 -0.9204
vn -0.3152 -0.9237 0.2180
vn 0.3812 0.0871 0.9204
vn 0.0196 0.2233 0.9745
vn 0.3450 -0.3255 -0.8804
vn -0.3450 0.3255 0.8804
vn 0.6570 -0.3782 -0.6521
vn -0.6571 0.3781 0.6522
vn 0.8691 -0.3732 -0.3247
vn 0.6570 -0.3781 -0.6521
vn -0.8841 0.2022 -0.4212
vn -0.9488 0.3114 -0.0523
vn -0.8691 0.3732 0.3247
vn 0.9488 -0.3114 0.0523
vn -0.8691 0.3731 0.3247
vn 0.8841 -0.2023 0.4212
vn -0.6848 0.0623 -0.7261
vn -0.8841 0.2023 -0.4212
vn 0.6848 -0.0623 0.7261
vn 0.6589 -0.4361 -0.6129
vn 0.8778 -0.3750 -0.2980
vn 0.6605 -0.4338 -0.6128
vn 0.8763 -0.3779 -0.2987
vn 0.9662 -0.2498 0.0629
vn 0.9662 -0.2500 0.0632
vn 0.9075 -0.0854 0.4112
vn 0.7123 0.0953 0.6954
vn 0.7110 0.0964 0.6966
vn 0.4057 0.2655 0.8746
vn 0.4061 0.2675 0.8738
vn 0.0457 0.4028 0.9141
vn 0.0451 0.4049 0.9132
vn -0.3256 0.4747 0.8177
vn -0.3258 0.4745 0.8177
vn -0.6468 0.4750 0.5966
vn -0.6477 0.4751 0.5956
vn -0.8691 0.4054 0.2833
vn -0.8698 0.4036 0.2840
vn -0.9607 0.2689 -0.0694
vn -0.9612 0.2672 -0.0684
vn -0.9034 0.0980 -0.4175
vn -0.9029 0.0969 -0.4188
vn -0.7067 -0.0844 -0.7025
vn -0.7066 -0.0843 -0.7025
vn -0.4016 -0.2500 -0.8810
vn -0.4008 -0.2500 -0.8814
vn -0.0358 -0.3771 -0.9255
vn -0.0322 -0.3754 -0.9263
vn 0.3411 -0.4368 -0.8324
vn 0.3444 -0.4346 -0.8322
vn 0.0392 0.3860 0.9216
vn 0.4045 0.2559 0.8780
vn -0.2695 -0.8841 0.3818
vn 0.3320 -0.4574 -0.8250
vn -0.0392 -0.3860 -0.9217
vn -0.3320 0.4574 0.8250
vn 0.6526 -0.4592 -0.6027
vn -0.8739 0.3910 0.2886
vn -0.9622 0.2634 -0.0693
vn -0.6526 0.4592 0.6027
vn 0.8739 -0.3910 -0.2886
vn 0.9622 -0.2634 0.0693
vn -0.9040 0.0956 -0.4168
vn 0.9040 -0.0956 0.4168
vn -0.7081 -0.0868 -0.7007
vn 0.7081 0.0867 0.7007
vn -0.7081 -0.0867 -0.7007
vn -0.4045 -0.2559 -0.8780
vn 0.6932 -0.2764 -0.6656
vn 0.9046 -0.2369 -0.3544
vn 0.9063 -0.2406 -0.3475
vn 0.9859 -0.1657 0.0210
vn 0.9847 -0.1718 0.0273
vn 0.9127 -0.0580 0.4046
vn 0.9103 -0.0608 0.4095
vn 0.7040 0.0943 0.7039
vn 0.7002 0.0978 0.7072
vn 0.3908 0.2482 0.8863
vn 0.3898 0.2503 0.8862
vn 0.0231 0.3630 0.9315
vn 0.0224 0.3639 0.9312
vn -0.3482 0.4226 0.8368
vn -0.6660 0.4191 0.6171
vn -0.6671 0.4186 0.6162
vn -0.8848 0.3530 0.3041
vn -0.8856 0.3519 0.3030
vn -0.9707 0.2343 -0.0539
vn -0.9712 0.2318 -0.0552
vn -0.9106 0.0791 -0.4055
vn -0.9085 0.0750 -0.4110
vn -0.6986 -0.0760 -0.7115
vn -0.7034 -0.0791 -0.7064
vn -0.3699 -0.1843 -0.9106
vn -0.3626 -0.1780 -0.9148
vn 0.0077 -0.2480 -0.9687
vn 0.0151 -0.2444 -0.9696
vn 0.3802 -0.2791 -0.8818
vn 0.3835 -0.2774 -0.8809
vn -0.3911 -0.2233 -0.8928
vn -0.7044 -0.0871 -0.7044
vn -0.2077 -0.9237 0.3220
vn -0.2078 -0.9237 0.3220
vn 0.7044 0.0871 0.7044
vn 0.3911 0.2233 0.8929
vn -0.0182 -0.3255 -0.9454
vn 0.0182 0.3255 0.9454
vn 0.3575 -0.3782 -0.8539
vn -0.3575 0.3781 0.8540
vn 0.6787 -0.3732 -0.6325
vn -0.9780 0.2022 -0.0508
vn -0.8966 0.3114 0.3148
vn -0.6787 0.3732 0.6325
vn 0.8966 -0.3114 -0.3148
vn 0.9780 -0.2022 0.0508
vn -0.9105 0.0623 -0.4087
vn -0.9780 0.2023 -0.0508
vn 0.9105 -0.0623 0.4087
vn 0.3742 -0.4361 -0.8184
vn 0.6970 -0.3750 -0.6112
vn 0.3757 -0.4338 -0.8189
vn 0.6953 -0.3779 -0.6114
vn 0.9167 -0.2498 -0.3117
vn 0.9168 -0.2500 -0.3114
vn 0.9958 -0.0854 0.0326
vn 0.9242 0.0953 0.3699
vn 0.9234 0.0964 0.3715
vn 0.7095 0.2655 0.6527
vn 0.7096 0.2675 0.6519
vn 0.3920 0.4028 0.8271
vn 0.3911 0.4050 0.8265
vn 0.0121 0.4747 0.8801
vn 0.0119 0.4745 0.8802
vn -0.3692 0.4750 0.7987
vn -0.3705 0.4751 0.7982
vn -0.6945 0.4054 0.5944
vn -0.6949 0.4036 0.5952
vn -0.9141 0.2689 0.3035
vn -0.9142 0.2673 0.3047
vn -0.9944 0.0980 -0.0400
vn -0.9944 0.0969 -0.0414
vn -0.9217 -0.0844 -0.3786
vn -0.9217 -0.0843 -0.3786
vn -0.7081 -0.2500 -0.6603
vn -0.7076 -0.2500 -0.6609
vn -0.3872 -0.3771 -0.8413
vn -0.3842 -0.3754 -0.8435
vn -0.0033 -0.4368 -0.8995
vn -0.0003 -0.4346 -0.9006
vn 0.7097 0.2559 0.6564
vn 0.3890 0.3860 0.8365
vn -0.1029 -0.8841 0.4558
vn -0.1029 -0.8841 0.4559
vn -0.0090 -0.4575 -0.8892
vn -0.3890 -0.3860 -0.8365
vn -0.3889 -0.3860 -0.8365
vn 0.0090 0.4574 0.8892
vn 0.3723 -0.4592 -0.8065
vn -0.9155 0.2633 0.3042
vn -0.6970 0.3911 0.6011
vn -0.3723 0.4592 0.8065
vn 0.6970 -0.3910 -0.6011
vn 0.9155 -0.2634 -0.3042
vn -0.9947 0.0956 -0.0391
vn 0.9947 -0.0956 0.0391
vn -0.9224 -0.0867 -0.3764
vn 0.9224 0.0867 0.3764
vn -0.7097 -0.2558 -0.6564
vn 0.3858 -0.2764 -0.8802
vn 0.7001 -0.2369 -0.6736
vn 0.7043 -0.2406 -0.6679
vn 0.9189 -0.1657 -0.3579
vn 0.9202 -0.1718 -0.3516
vn 0.9980 -0.0580 0.0245
vn 0.9977 -0.0608 0.0300
vn 0.9198 0.0943 0.3810
vn 0.9176 0.0978 0.3854
vn 0.7003 0.2482 0.6693
vn 0.6993 0.2503 0.6696
vn 0.3778 0.3630 0.8518
vn 0.3770 0.3639 0.8517
vn -0.0015 0.4226 0.9063
vn -0.3791 0.4191 0.8250
vn -0.3805 0.4186 0.8246
vn -0.7011 0.3530 0.6195
vn -0.7022 0.3519 0.6189
vn -0.9174 0.2343 0.3217
vn -0.9184 0.2318 0.3206
vn -0.9965 0.0791 -0.0262
vn -0.9967 0.0750 -0.0320
vn -0.9177 -0.0760 -0.3900
vn -0.9202 -0.0791 -0.3834
vn -0.6902 -0.1843 -0.6997
vn -0.6851 -0.1780 -0.7064
vn -0.3636 -0.2480 -0.8979
vn -0.3571 -0.2444 -0.9016
vn 0.0138 -0.2791 -0.9602
vn 0.0172 -0.2774 -0.9606
vn -0.7030 -0.2233 -0.6752
vn -0.9204 -0.0872 -0.3812
vn -0.0687 -0.9237 0.3770
vn 0.9204 0.0872 0.3812
vn 0.7030 0.2233 0.6752
vn -0.3786 -0.3255 -0.8664
vn 0.3786 0.3255 0.8664
vn 0.0035 -0.3781 -0.9257
vn -0.3786 -0.3255 -0.8665
vn -0.0035 0.3781 0.9257
vn 0.3850 -0.3732 -0.8441
vn 0.0035 -0.3782 -0.9257
vn -0.7079 0.3114 0.6340
vn -0.9230 0.2023 0.3273
vn -0.3850 0.3732 0.8441
vn 0.7079 -0.3114 -0.6340
vn 0.9230 -0.2022 -0.3273
vn -0.9976 0.0623 -0.0292
vn 0.9976 -0.0623 0.0292
vn 0.1644 -0.9864 -0.0000
vn -0.1644 -0.9864 -0.0000
vn 0.2530 -0.9675 -0.0000
vn 0.1789 -0.9675 -0.1789
vn -0.1789 -0.9675 -0.1789
vn -0.2530 -0.9675 -0.0000
vn -0.1789 -0.9675 0.1789
vn 0.1789 -0.9675 0.1789
vn -0.0000 0.7671 -0.6416
vn -0.6416 0.7671 -0.0000
vn -0.0000 0.7671 0.6416
vn 0.6416 0.7671 -0.0000
vn -0.0000 1.0000 -0.0001
vn -0.0000 1.0000 0.0001
vn 0.9328 -0.0854 -0.3502
vn 0.0169 -0.2747 -0.9614
vn 0.3447 0.4230 0.8380
vn 0.7278 -0.0854 -0.6805
vn -0.3523 -0.2747 -0.8947
vn 0.6391 0.4230 0.6423
vn 0.4120 -0.0854 -0.9072
vn -0.6678 -0.2747 -0.6918
vn 0.8363 0.4230 0.3488
vn 0.0334 -0.0854 -0.9958
vn -0.8817 -0.2746 -0.3836
vn 0.9061 0.4230 0.0023
vn -0.3502 -0.0854 -0.9328
vn -0.9614 -0.2746 -0.0169
vn 0.8380 0.4230 -0.3447
vn -0.6805 -0.0854 -0.7278
vn -0.8947 -0.2746 0.3523
vn 0.6423 0.4230 -0.6391
vn -0.9072 -0.0854 -0.4120
vn -0.6918 -0.2746 0.6678
vn 0.3488 0.4230 -0.8363
vn -0.9958 -0.0854 -0.0334
vn -0.3836 -0.2746 0.8817
vn 0.0023 0.4230 -0.9061
vn -0.9328 -0.0854 0.3502
vn -0.0169 -0.2747 0.9614
vn -0.3447 0.4230 -0.8380
vn -0.7278 -0.0854 0.6805
vn 0.3523 -0.2746 0.8947
vn -0.6391 0.4230 -0.6423
vn -0.4120 -0.0854 0.9072
vn 0.6678 -0.2747 0.6918
vn -0.8363 0.4230 -0.3488
vn -0.0334 -0.0854 0.9958
vn 0.8817 -0.2746 0.3836
vn -0.9061 0.4230 -0.0023
vn -0.3770 -0.9236 -0.0687
vn 0.3502 -0.0854 0.9328
vn 0.9614 -0.2746 0.0169
vn -0.8380 0.4230 0.3447
vn -0.3746 -0.9236 0.0808
vn 0.6805 -0.0854 0.7278
vn 0.8947 -0.2746 -0.3523
vn -0.6423 0.4230 0.6391
vn -0.3151 -0.9237 0.2180
vn 0.9072 -0.0854 0.4120
vn 0.6918 -0.2746 -0.6678
vn -0.3488 0.4230 0.8363
vn 0.9958 -0.0854 0.0334
vn 0.3836 -0.2746 -0.8817
vn -0.0023 0.4230 0.9061
s 1
usemtl Black
f 11//196 338//197 337//198
f 30//199 339//200 338//197
f 49//201 340//202 339//200
f 68//203 341//204 340//202
f 341//204 106//205 342//206
f 342//206 125//207 343//208
f 343//208 144//209 344//210
f 344//210 163//211 345//212
f 163//211 346//213 345//212
f 182//214 347//215 346//213
f 201//216 348//217 347//215
f 220//218 349//219 348//217
f 349//219 258//220 350//221
f 350//221 277//222 351//223
f 351//223 296//224 352//225
f 352//225 11//196 337//198
f 16//286 34//287 35//288
f 35//288 53//289 54//289
f 54//289 72//290 73//291
f 72//290 92//292 73//291
f 91//292 111//293 92//292
f 110//294 130//295 111//293
f 129//295 149//296 130//295
f 148//297 168//298 149//296
f 168//298 186//299 187//300
f 187//300 205//301 206//301
f 206//301 224//302 225//303
f 225//303 243//304 244//304
f 243//304 263//305 244//304
f 262//306 282//307 263//305
f 281//307 301//308 282//307
f 300//309 16//286 301//308
f 16//310 36//310 17//310
f 35//310 55//310 36//310
f 54//310 74//310 55//310
f 73//310 93//310 74//310
f 93//310 111//310 112//310
f 112//310 130//310 131//310
f 131//310 149//310 150//310
f 150//310 168//310 169//310
f 168//310 188//310 169//310
f 187//310 207//310 188//310
f 206//310 226//310 207//310
f 225//310 245//310 226//310
f 245//310 263//310 264//310
f 264//310 282//310 283//310
f 283//310 301//310 302//310
f 302//310 16//310 17//310
f 18//311 36//312 37//312
f 36//312 56//313 37//312
f 56//313 74//314 75//315
f 75//315 93//316 94//316
f 93//316 113//317 94//316
f 112//318 132//319 113//317
f 132//319 150//320 151//320
f 151//320 169//321 170//321
f 169//321 189//322 170//321
f 188//322 208//323 189//322
f 208//323 226//324 227//324
f 226//324 246//325 227//324
f 245//325 265//326 246//325
f 264//327 284//328 265//326
f 284//328 302//329 303//329
f 303//329 17//311 18//311
f 170//310 246//310 18//310
f 321//347 10//348 29//347
f 322//349 29//347 48//349
f 322//349 67//350 323//351
f 323//351 86//352 324//352
f 325//353 86//352 105//354
f 326//355 105//354 124//355
f 326//355 143//356 327//356
f 327//356 162//357 328//358
f 329//359 162//357 181//359
f 330//360 181//359 200//360
f 330//360 219//361 331//362
f 331//362 238//363 332//363
f 333//364 238//363 257//365
f 334//366 257//365 276//366
f 334//366 295//367 335//367
f 335//367 10//348 336//368
f 296//224 334//366 335//367
f 239//370 333//364 258//220
f 220//218 330//360 331//362
f 182//214 328//358 329//359
f 144//209 326//355 327//356
f 87//371 325//353 106//205
f 68//203 322//349 323//351
f 30//199 336//368 321//347
f 354//376 355//377 353//378
f 356//379 357//380 355//377
f 358//381 359//382 357//380
f 359//382 362//383 361//384
f 361//384 364//385 363//386
f 363//386 366//387 365//388
f 365//388 368//389 367//390
f 367//390 370//391 369//392
f 370//391 371//393 369//392
f 372//394 373//395 371//393
f 374//396 375//397 373//395
f 376//398 377//399 375//397
f 378//400 379//401 377//399
f 380//402 381//403 379//401
f 382//404 383//405 381//403
f 384//406 353//378 383//405
f 398//407 414//408 397//408
f 357//409 385//409 355//409
f 359//409 386//409 357//409
f 361//409 387//409 359//409
f 361//409 389//409 388//409
f 363//409 390//409 389//409
f 365//409 391//409 390//409
f 367//409 392//409 391//409
f 369//409 393//409 392//409
f 373//409 393//409 371//409
f 375//409 394//409 373//409
f 375//409 396//409 395//409
f 377//409 397//409 396//409
f 379//409 398//409 397//409
f 381//409 399//409 398//409
f 353//409 399//409 383//409
f 353//409 385//409 400//409
f 391//410 407//411 390//411
f 399//412 415//413 398//407
f 392//414 408//410 391//410
f 385//415 401//416 402//415
f 399//412 403//417 416//412
f 393//418 409//414 392//414
f 400//417 402//415 403//417
f 393//418 411//419 410//418
f 387//420 401//416 386//416
f 394//419 412//421 411//419
f 388//422 404//420 387//420
f 395//421 413//423 412//421
f 389//424 405//422 388//422
f 397//408 413//423 396//423
f 390//411 406//424 389//424
f 417//425 420//426 419//427
f 419//427 422//428 421//429
f 421//429 424//430 423//431
f 424//430 425//432 423//431
f 426//433 427//434 425//432
f 428//435 429//436 427//434
f 430//437 431//438 429//436
f 431//438 434//439 433//440
f 433//440 436//441 435//442
f 435//442 438//443 437//444
f 437//444 440//445 439//446
f 439//446 442//447 441//448
f 442//447 443//449 441//448
f 444//450 445//451 443//449
f 446//452 447//453 445//451
f 448//454 417//425 447//453
f 453//455 469//456 452//456
f 421//457 449//457 419//457
f 423//457 450//457 421//457
f 423//457 452//457 451//457
f 425//457 453//457 452//457
f 427//457 454//457 453//457
f 429//457 455//457 454//457
f 433//457 455//457 431//457
f 433//457 457//457 456//457
f 437//457 457//457 435//457
f 439//457 458//457 437//457
f 441//457 459//457 439//457
f 443//457 460//457 441//457
f 443//457 462//457 461//457
f 445//457 463//457 462//457
f 417//457 463//457 447//457
f 417//457 449//457 464//457
f 460//458 478//459 477//458
f 454//460 470//455 453//455
f 462//461 478//459 461//459
f 454//460 472//462 471//460
f 463//463 479//461 462//461
f 455//462 473//464 472//462
f 450//465 466//466 449//466
f 463//463 467//467 480//463
f 456//468 474//469 473//464
f 449//466 467//467 464//467
f 458//470 474//469 457//469
f 450//465 468//471 465//465
f 458//470 476//472 475//470
f 452//456 468//471 451//471
f 459//472 477//458 476//472
f 482//473 483//474 481//475
f 484//476 485//477 483//474
f 486//478 487//479 485//477
f 487//479 490//480 489//481
f 489//481 492//482 491//483
f 491//483 494//484 493//485
f 493//485 496//486 495//487
f 495//487 498//488 497//489
f 498//488 499//490 497//489
f 500//491 501//492 499//490
f 502//493 503//494 501//492
f 504//495 505//496 503//494
f 506//497 507//498 505//496
f 508//499 509//500 507//498
f 510//501 511//502 509//500
f 512//503 481//475 511//502
f 525//504 543//505 542//504
f 483//506 514//506 513//506
f 487//506 514//506 485//506
f 489//506 515//506 487//506
f 489//506 517//506 516//506
f 491//506 518//506 517//506
f 493//506 519//506 518//506
f 495//506 520//506 519//506
f 497//506 521//506 520//506
f 499//506 522//506 521//506
f 501//506 523//506 522//506
f 503//506 524//506 523//506
f 505//506 525//506 524//506
f 507//506 526//506 525//506
f 509//506 527//506 526//506
f 481//506 527//506 511//506
f 481//506 513//506 528//506
f 518//507 536//508 535//507
f 527//509 543//505 526//510
f 519//508 537//511 536//508
f 514//512 530//513 513//513
f 527//509 531//514 544//509
f 520//511 538//515 537//511
f 528//514 530//513 531//514
f 521//515 539//516 538//515
f 515//517 529//512 514//512
f 522//516 540//518 539//516
f 515//517 533//519 532//517
f 524//520 540//518 523//518
f 517//521 533//519 516//519
f 524//520 542//504 541//520
f 518//507 534//521 517//521
f 545//522 548//523 547//524
f 547//524 550//525 549//526
f 549//526 552//527 551//528
f 552//527 553//529 551//528
f 554//530 555//531 553//529
f 556//532 557//533 555//531
f 558//534 559//535 557//533
f 559//535 562//536 561//537
f 561//537 564//538 563//539
f 563//539 566//540 565//541
f 565//541 568//542 567//543
f 567//543 570//544 569//545
f 570//544 571//546 569//545
f 572//547 573//548 571//546
f 574//549 575//550 573//548
f 576//551 545//522 575//550
f 581//552 597//553 580//553
f 547//554 578//554 577//554
f 549//554 579//554 578//554
f 551//554 580//554 579//554
f 553//554 581//554 580//554
f 555//554 582//554 581//554
f 559//554 582//554 557//554
f 561//554 583//554 559//554
f 563//554 584//554 561//554
f 565//554 585//554 563//554
f 565//554 587//554 586//554
f 569//554 587//554 567//554
f 569//554 589//554 588//554
f 571//554 590//554 589//554
f 573//554 591//554 590//554
f 575//554 592//554 591//554
f 545//554 577//554 592//554
f 589//555 605//556 588//556
f 582//557 598//552 581//552
f 590//558 606//555 589//555
f 582//557 600//559 599//557
f 591//560 607//558 590//558
f 583//559 601//561 600//559
f 577//562 593//563 594//562
f 591//560 595//564 608//560
f 584//565 602//566 601//561
f 577//562 595//564 592//564
f 586//567 602//566 585//566
f 579//568 593//563 578//563
f 587//569 603//567 586//567
f 580//553 596//568 579//568
f 587//569 605//556 604//569
f 610//570 611//571 609//572
f 612//573 613//574 611//571
f 614//575 615//576 613//574
f 615//576 618//577 617//578
f 617//578 620//579 619//580
f 619//580 622//581 621//582
f 621//582 624//583 623//584
f 623//584 626//585 625//586
f 626//585 627//587 625//586
f 628//588 629//589 627//587
f 630//590 631//591 629//589
f 632//592 633//593 631//591
f 634//594 635//595 633//593
f 636//596 637//597 635//595
f 638//598 639//599 637//597
f 640//600 609//572 639//599
f 654//601 670//602 653//602
f 613//603 641//603 611//603
f 615//603 642//603 613//603
f 615//603 644//603 643//603
f 617//603 645//603 644//603
f 619//603 646//603 645//603
f 621//603 647//603 646//603
f 625//603 647//603 623//603
f 627//603 648//603 625//603
f 627//603 650//603 649//603
f 631//603 650//603 629//603
f 633//603 651//603 631//603
f 633//603 653//603 652//603
f 635//603 654//603 653//603
f 637//603 655//603 654//603
f 639//603 656//603 655//603
f 609//603 641//603 656//603
f 646//604 664//605 663//604
f 655//606 671//601 654//601
f 648//607 664//605 647//608
f 641//609 657//610 658//609
f 655//606 659//611 672//606
f 649//612 665//607 648//607
f 656//611 658//609 659//611
f 649//612 667//613 666//612
f 643//614 657//610 642//610
f 650//615 668//616 667//613
f 643//614 661//617 660//614
f 652//618 668//616 651//616
f 645//619 661//617 644//617
f 653//602 669//618 652//618
f 646//604 662//619 645//619
f 673//620 676//621 675//622
f 675//622 678//623 677//624
f 677//624 680//625 679//626
f 680//625 681//627 679//626
f 682//628 683//629 681//627
f 684//630 685//631 683//629
f 686//632 687//633 685//631
f 687//633 690//634 689//635
f 689//635 692//636 691//637
f 691//637 694//638 693//639
f 693//639 696//640 695//641
f 695//641 698//642 697//643
f 698//642 699//644 697//643
f 700//645 701//646 699//644
f 702//647 703//648 701//646
f 704//649 673//620 703//648
f 709//650 725//651 708//651
f 675//652 706//652 705//652
f 679//652 706//652 677//652
f 679//652 708//652 707//652
f 681//652 709//652 708//652
f 683//652 710//652 709//652
f 685//652 711//652 710//652
f 689//652 711//652 687//652
f 691//653 712//652 689//652
f 691//653 714//652 713//653
f 693//652 715//653 714//652
f 695//653 716//652 715//653
f 699//652 716//652 697//652
f 701//652 717//652 699//652
f 701//652 719//652 718//652
f 673//652 719//652 703//652
f 675//652 720//652 673//652
f 716//654 734//655 733//654
f 710//656 726//650 709//650
f 717//655 735//657 734//655
f 710//656 728//658 727//656
f 719//659 735//657 718//657
f 711//658 729//660 728//658
f 705//661 721//662 722//661
f 719//659 723//663 736//659
f 713//664 729//660 712//660
f 720//663 722//661 723//663
f 714//665 730//664 713//664
f 706//662 724//666 721//662
f 714//665 732//667 731//665
f 708//651 724//666 707//666
f 716//654 732//667 715//667
f 738//668 739//669 737//670
f 740//671 741//672 739//669
f 742//673 743//674 741//672
f 743//674 746//675 745//676
f 745//676 748//677 747//678
f 747//678 750//679 749//680
f 749//680 752//681 751//682
f 751//682 754//683 753//684
f 754//683 755//685 753//684
f 756//686 757//687 755//685
f 758//688 759//689 757//687
f 760//690 761//691 759//689
f 762//692 763//693 761//691
f 764//694 765//695 763//693
f 766//696 767//697 765//695
f 768//698 737//670 767//697
f 782//699 798//700 781//700
f 739//701 770//701 769//701
f 743//701 770//701 741//701
f 745//701 771//701 743//701
f 745//701 773//701 772//701
f 747//701 774//701 773//701
f 749//701 775//702 774//701
f 751//702 776//701 775//702
f 755//701 776//701 753//701
f 755//701 778//701 777//701
f 759//701 778//701 757//701
f 761//701 779//701 759//701
f 761//701 781//702 780//701
f 763//702 782//701 781//702
f 765//701 783//701 782//701
f 737//702 783//701 767//701
f 739//701 784//702 737//702
f 774//703 792//704 791//705
f 783//706 799//699 782//699
f 776//707 792//704 775//704
f 769//708 785//709 786//708
f 783//706 787//710 800//706
f 777//711 793//707 776//707
f 784//710 786//708 787//710
f 777//711 795//712 794//711
f 771//713 785//709 770//709
f 778//712 796//714 795//712
f 771//713 789//715 788//713
f 780//716 796//714 779//714
f 773//717 789//715 772//715
f 780//716 798//700 797//716
f 774//703 790//717 773//717
f 801//718 804//719 803//720
f 803//720 806//721 805//722
f 805//722 808//723 807//724
f 808//723 809//725 807//724
f 810//726 811//727 809//725
f 812//728 813//729 811//727
f 814//730 815//731 813//729
f 815//731 818//732 817//733
f 817//733 820//734 819//735
f 819//735 822//736 821//737
f 821//737 824//738 823//739
f 823//739 826//740 825//741
f 826//740 827//742 825//741
f 828//743 829//744 827//742
f 830//745 831//746 829//744
f 832//747 801//718 831//746
f 836//748 854//749 853//748
f 805//750 833//750 803//750
f 805//750 835//750 834//750
f 809//750 835//750 807//750
f 811//750 836//750 809//750
f 813//750 837//750 811//750
f 815//750 838//750 813//750
f 817//750 839//750 815//750
f 819//750 840//750 817//750
f 819//750 842//750 841//750
f 823//750 842//750 821//750
f 825//750 843//750 823//750
f 827//750 844//750 825//750
f 827//750 846//750 845//750
f 829//750 847//750 846//750
f 831//750 848//750 847//750
f 801//750 833//750 848//750
f 844//751 862//752 861//751
f 837//749 855//753 854//749
f 846//754 862//752 845//752
f 838//753 856//755 855//753
f 847//756 863//754 846//754
f 839//755 857//757 856//755
f 834//758 850//759 833//759
f 848//760 864//756 847//756
f 840//757 858//761 857//757
f 833//759 851//760 848//760
f 841//761 859//762 858//761
f 834//758 852//763 849//758
f 842//762 860//764 859//762
f 835//763 853//748 852//763
f 843//764 861//751 860//764
f 866//765 867//766 865//767
f 868//768 869//769 867//766
f 870//770 871//771 869//769
f 871//771 874//772 873//773
f 873//773 876//774 875//775
f 875//775 878//776 877//777
f 877//777 880//778 879//779
f 879//779 882//780 881//781
f 882//780 883//782 881//781
f 884//783 885//784 883//782
f 886//785 887//786 885//784
f 888//787 889//788 887//786
f 890//789 891//790 889//788
f 892//791 893//792 891//790
f 894//793 895//794 893//792
f 896//795 865//767 895//794
f 910//796 926//797 909//797
f 867//798 898//798 897//798
f 871//798 898//798 869//798
f 871//798 900//798 899//798
f 873//798 901//798 900//798
f 875//798 902//798 901//798
f 877//798 903//798 902//798
f 881//798 903//798 879//798
f 881//798 905//798 904//798
f 885//798 905//798 883//798
f 887//798 906//798 885//798
f 887//798 908//798 907//798
f 889//798 909//798 908//798
f 891//798 910//798 909//798
f 895//798 910//798 893//798
f 865//798 911//798 895//798
f 865//798 897//798 912//798
f 903//799 919//800 902//801
f 911//802 927//803 910//796
f 904//804 920//799 903//799
f 898//805 914//806 897//806
f 911//802 915//807 928//802
f 905//808 921//804 904//804
f 912//807 914//806 915//807
f 905//808 923//809 922//808
f 898//805 916//810 913//805
f 906//809 924//811 923//809
f 899//810 917//812 916//810
f 907//811 925//813 924//811
f 901//814 917//812 900//812
f 909//797 925//813 908//813
f 902//801 918//814 901//814
f 929//815 932//816 931//817
f 931//817 934//818 933//819
f 933//819 936//820 935//821
f 936//820 937//822 935//821
f 938//823 939//824 937//822
f 940//825 941//826 939//824
f 942//827 943//828 941//826
f 943//828 946//829 945//830
f 945//830 948//831 947//832
f 947//832 950//833 949//834
f 949//834 952//835 951//836
f 951//836 954//837 953//838
f 954//837 955//839 953//838
f 956//840 957//841 955//839
f 958//842 959//843 957//841
f 960//844 929//815 959//843
f 965//845 981//846 964//846
f 933//847 961//847 931//847
f 933//847 963//847 962//847
f 935//847 964//847 963//847
f 939//847 964//847 937//847
f 939//847 966//847 965//847
f 943//847 966//847 941//847
f 945//847 967//847 943//847
f 945//847 969//847 968//847
f 949//847 969//847 947//847
f 949//847 971//847 970//847
f 951//847 972//847 971//847
f 955//847 972//847 953//847
f 957//847 973//847 955//847
f 957//847 975//847 974//847
f 929//847 975//847 959//847
f 929//847 961//847 976//847
f 972//848 990//849 989//848
f 966//850 982//845 965//845
f 974//851 990//849 973//849
f 967//852 983//850 966//850
f 975//853 991//851 974//851
f 967//852 985//854 984//852
f 961//855 977//856 978//855
f 975//853 979//857 992//853
f 969//858 985//854 968//854
f 961//855 979//857 976//857
f 969//858 987//859 986//858
f 962//856 980//860 977//856
f 970//859 988//861 987//859
f 964//846 980//860 963//860
f 971//861 989//848 988//861
f 994//862 995//863 993//864
f 996//865 997//866 995//863
f 998//867 999//868 997//866
f 999//868 1002//869 1001//870
f 1001//870 1004//871 1003//872
f 1003//872 1006//873 1005//874
f 1005//874 1008//875 1007//876
f 1007//876 1010//877 1009//878
f 1010//877 1011//879 1009//878
f 1012//880 1013//881 1011//879
f 1014//882 1015//883 1013//881
f 1016//884 1017//885 1015//883
f 1018//886 1019//887 1017//885
f 1020//888 1021//889 1019//887
f 1022//890 1023//891 1021//889
f 1024//892 993//864 1023//891
f 1038//893 1054//894 1037//894
f 997//895 1025//895 995//895
f 999//895 1026//895 997//895
f 1001//895 1027//895 999//895
f 1001//895 1029//895 1028//895
f 1003//895 1030//895 1029//895
f 1005//895 1031//895 1030//895
f 1009//895 1031//895 1007//895
f 1011//895 1032//895 1009//895
f 1011//895 1034//895 1033//895
f 1013//895 1035//895 1034//895
f 1017//895 1035//895 1015//895
f 1019//895 1036//895 1017//895
f 1019//895 1038//895 1037//895
f 1021//895 1039//895 1038//895
f 993//895 1039//895 1023//895
f 995//895 1040//895 993//895
f 1031//896 1047//897 1030//898
f 1039//899 1055//893 1038//893
f 1032//900 1048//896 1031//896
f 1026//901 1042//902 1025//903
f 1039//899 1043//904 1056//899
f 1033//905 1049//900 1032//900
f 1040//904 1042//902 1043//904
f 1033//905 1051//906 1050//905
f 1027//907 1041//901 1026//901
f 1034//906 1052//908 1051//906
f 1028//909 1044//907 1027//907
f 1035//908 1053//910 1052//908
f 1029//911 1045//909 1028//909
f 1036//912 1054//894 1053//910
f 1030//898 1046//911 1029//911
f 1057//913 1060//914 1059//915
f 1059//915 1062//916 1061//917
f 1061//917 1064//918 1063//919
f 1064//918 1065//920 1063//919
f 1066//921 1067//922 1065//920
f 1068//923 1069//924 1067//922
f 1070//925 1071//926 1069//924
f 1071//926 1074//927 1073//928
f 1073//928 1076//929 1075//930
f 1075//930 1078//931 1077//932
f 1077//932 1080//933 1079//934
f 1079//934 1082//935 1081//936
f 1082//935 1083//937 1081//936
f 1084//938 1085//939 1083//937
f 1086//940 1087//941 1085//939
f 1088//942 1057//913 1087//941
f 1092//943 1110//944 1109//943
f 1061//945 1089//945 1059//945
f 1063//945 1090//945 1061//945
f 1065//945 1091//945 1063//945
f 1065//945 1093//945 1092//945
f 1069//945 1093//945 1067//945
f 1069//945 1095//945 1094//945
f 1071//945 1096//945 1095//945
f 1075//945 1096//945 1073//945
f 1077//945 1097//945 1075//945
f 1079//945 1098//945 1077//945
f 1079//945 1100//945 1099//945
f 1083//945 1100//945 1081//945
f 1085//945 1101//945 1083//945
f 1087//945 1102//945 1085//945
f 1057//945 1103//945 1087//945
f 1059//945 1104//945 1057//945
f 1100//946 1118//947 1117//946
f 1093//944 1111//948 1110//944
f 1101//947 1119//949 1118//947
f 1094//948 1112//950 1111//948
f 1103//951 1119//949 1102//949
f 1095//952 1113//953 1112//950
f 1090//954 1106//955 1089//955
f 1103//951 1107//956 1120//951
f 1096//957 1114//958 1113//953
f 1089//955 1107//956 1104//956
f 1098//959 1114//958 1097//958
f 1091//960 1105//954 1090//954
f 1098//959 1116//961 1115//959
f 1091//960 1109//943 1108//960
f 1100//946 1116//961 1099//961
f 1122//962 1123//963 1121//964
f 1124//965 1125//966 1123//963
f 1126//967 1127//968 1125//966
f 1127//968 1130//969 1129//970
f 1129//970 1132//971 1131//972
f 1131//972 1134//973 1133//974
f 1133//974 1136//975 1135//976
f 1135//976 1138//977 1137//978
f 1138//977 1139//979 1137//978
f 1140//980 1141//981 1139//979
f 1142//982 1143//983 1141//981
f 1144//984 1145//985 1143//983
f 1146//986 1147//987 1145//985
f 1148//988 1149//989 1147//987
f 1150//990 1151//991 1149//989
f 1152//992 1121//964 1151//991
f 1165//993 1183//994 1182//993
f 1125//995 1153//995 1123//995
f 1127//995 1154//995 1125//995
f 1129//995 1155//995 1127//995
f 1129//995 1157//995 1156//995
f 1131//995 1158//995 1157//995
f 1133//995 1159//995 1158//995
f 1137//995 1159//995 1135//995
f 1137//995 1161//995 1160//995
f 1141//995 1161//995 1139//995
f 1143//995 1162//995 1141//995
f 1143//995 1164//995 1163//995
f 1145//995 1165//995 1164//995
f 1147//995 1166//995 1165//995
f 1149//995 1167//995 1166//995
f 1121//995 1167//995 1151//995
f 1121//995 1153//995 1168//995
f 1159//996 1175//997 1158//997
f 1166//994 1184//998 1183//994
f 1160//999 1176//996 1159//996
f 1154//1000 1170//1001 1153//1001
f 1167//998 1171//1002 1184//998
f 1161//1003 1177//999 1160//999
f 1168//1002 1170//1001 1171//1002
f 1161//1003 1179//1004 1178//1003
f 1155//1005 1169//1006 1154//1000
f 1162//1004 1180//1007 1179//1004
f 1155//1005 1173//1008 1172//1005
f 1163//1007 1181//1009 1180//1007
f 1157//1010 1173//1008 1156//1008
f 1164//1009 1182//993 1181//1009
f 1158//997 1174//1010 1157//1010
f 1185//1011 1188//1012 1187//1013
f 1187//1013 1190//1014 1189//1015
f 1189//1015 1192//1016 1191//1017
f 1192//1016 1193//1018 1191//1017
f 1194//1019 1195//1020 1193//1018
f 1196//1021 1197//1022 1195//1020
f 1198//1023 1199//1024 1197//1022
f 1199//1024 1202//1025 1201//1026
f 1201//1026 1204//1027 1203//1028
f 1203//1028 1206//1029 1205//1030
f 1205//1030 1208//1031 1207//1032
f 1207//1032 1210//1033 1209//1034
f 1210//1033 1211//1035 1209//1034
f 1212//1036 1213//1037 1211//1035
f 1214//1038 1215//1039 1213//1037
f 1216//1040 1185//1011 1215//1039
f 1221//1041 1237//1042 1220//1042
f 1189//1043 1217//1043 1187//1043
f 1191//1043 1218//1043 1189//1043
f 1191//1043 1220//1043 1219//1043
f 1193//1043 1221//1043 1220//1043
f 1197//1043 1221//1043 1195//1043
f 1199//1043 1222//1043 1197//1043
f 1201//1043 1223//1043 1199//1043
f 1201//1043 1225//1044 1224//1043
f 1203//1044 1226//1044 1225//1044
f 1205//1044 1227//1044 1226//1044
f 1207//1044 1228//1043 1227//1044
f 1211//1043 1228//1043 1209//1043
f 1213//1043 1229//1043 1211//1043
f 1213//1043 1231//1043 1230//1043
f 1215//1043 1232//1043 1231//1043
f 1187//1043 1232//1043 1185//1043
f 1228//1045 1246//1046 1245//1045
f 1221//1041 1239//1047 1238//1041
f 1230//1048 1246//1046 1229//1046
f 1222//1047 1240//1049 1239//1047
f 1231//1050 1247//1048 1230//1048
f 1223//1049 1241//1051 1240//1049
f 1218//1052 1234//1053 1217//1053
f 1232//1054 1248//1050 1231//1050
f 1224//1051 1242//1055 1241//1051
f 1217//1053 1235//1054 1232//1054
f 1225//1055 1243//1056 1242//1055
f 1218//1052 1236//1057 1233//1052
f 1226//1056 1244//1058 1243//1056
f 1220//1042 1236//1057 1219//1057
f 1227//1058 1245//1045 1244//1058
f 1250//1059 1251//1060 1249//1061
f 1252//1062 1253//1063 1251//1060
f 1254//1064 1255//1065 1253//1063
f 1255//1065 1258//1066 1257//1067
f 1257//1067 1260//1068 1259//1069
f 1259//1069 1262//1070 1261//1071
f 1261//1071 1264//1072 1263//1073
f 1263//1073 1266//1074 1265//1075
f 1266//1074 1267//1076 1265//1075
f 1268//1077 1269//1078 1267//1076
f 1270//1079 1271//1080 1269//1078
f 1272//1081 1273//1082 1271//1080
f 1274//1083 1275//1084 1273//1082
f 1276//1085 1277//1086 1275//1084
f 1278//1087 1279//1088 1277//1086
f 1280//1089 1249//1061 1279//1088
f 1294//1090 1310//1091 1293//1091
f 1253//1092 1281//1092 1251//1092
f 1253//1092 1283//1092 1282//1092
f 1255//1092 1284//1092 1283//1092
f 1257//1092 1285//1092 1284//1092
f 1259//1092 1286//1092 1285//1092
f 1261//1092 1287//1093 1286//1092
f 1265//1093 1287//1093 1263//1093
f 1267//1092 1288//1093 1265//1093
f 1267//1092 1290//1093 1289//1092
f 1271//1092 1290//1093 1269//1093
f 1273//1092 1291//1092 1271//1092
f 1273//1092 1293//1092 1292//1092
f 1275//1092 1294//1092 1293//1092
f 1277//1092 1295//1092 1294//1092
f 1249//1093 1295//1092 1279//1092
f 1249//1093 1281//1092 1296//1093
f 1287//1094 1303//1095 1286//1095
f 1295//1096 1311//1090 1294//1090
f 1288//1097 1304//1094 1287//1094
f 1282//1098 1298//1099 1281//1099
f 1295//1096 1299//1100 1312//1096
f 1289//1101 1305//1097 1288//1097
f 1281//1099 1299//1100 1296//1100
f 1289//1101 1307//1102 1306//1101
f 1283//1103 1297//1098 1282//1098
f 1290//1104 1308//1105 1307//1102
f 1284//1106 1300//1103 1283//1103
f 1292//1107 1308//1105 1291//1105
f 1285//1108 1301//1106 1284//1106
f 1293//1091 1309//1107 1292//1107
f 1286//1095 1302//1108 1285//1108
f 1313//1109 1316//1110 1315//1111
f 1315//1111 1318//1112 1317//1113
f 1317//1113 1320//1114 1319//1115
f 1320//1114 1321//1116 1319//1115
f 1322//1117 1323//1118 1321//1116
f 1324//1119 1325//1120 1323//1118
f 1326//1121 1327//1122 1325//1120
f 1327//1122 1330//1123 1329//1124
f 1329//1124 1332//1125 1331//1126
f 1331//1126 1334//1127 1333//1128
f 1333//1128 1336//1129 1335//1130
f 1335//1130 1338//1131 1337//1132
f 1338//1131 1339//1133 1337//1132
f 1340//1134 1341//1135 1339//1133
f 1342//1136 1343//1137 1341//1135
f 1344//1138 1313//1109 1343//1137
f 1349//1139 1365//1140 1348//1140
f 1317//1141 1345//1141 1315//1141
f 1319//1141 1346//1141 1317//1141
f 1319//1141 1348//1141 1347//1141
f 1321//1141 1349//1141 1348//1141
f 1325//1141 1349//1141 1323//1141
f 1327//1141 1350//1141 1325//1141
f 1329//1141 1351//1141 1327//1141
f 1331//1141 1352//1141 1329//1141
f 1333//1141 1353//1141 1331//1141
f 1335//1141 1354//1141 1333//1141
f 1335//1141 1356//1141 1355//1141
f 1339//1141 1356//1141 1337//1141
f 1341//1141 1357//1141 1339//1141
f 1341//1141 1359//1141 1358//1141
f 1343//1141 1360//1141 1359//1141
f 1313//1141 1345//1141 1360//1141
f 1356//1142 1374//1143 1373//1142
f 1349//1139 1367//1144 1366//1139
f 1358//1145 1374//1143 1357//1143
f 1350//1144 1368//1146 1367//1144
f 1359//1147 1375//1145 1358//1145
f 1351//1146 1369//1148 1368//1146
f 1346//1149 1362//1150 1345//1150
f 1360//1151 1376//1147 1359//1147
f 1353//1152 1369//1148 1352//1148
f 1345//1150 1363//1151 1360//1151
f 1354//1153 1370//1152 1353//1152
f 1346//1149 1364//1154 1361//1149
f 1354//1153 1372//1155 1371//1153
f 1348//1140 1364//1154 1347//1154
f 1355//1155 1373//1142 1372//1155
f 1378//1156 1379//1157 1377//1158
f 1380//1159 1381//1160 1379//1157
f 1382//1161 1383//1162 1381//1160
f 1383//1162 1386//1163 1385//1164
f 1385//1164 1388//1165 1387//1166
f 1387//1166 1390//1167 1389//1168
f 1389//1168 1392//1169 1391//1170
f 1391//1170 1394//1171 1393//1172
f 1394//1171 1395//1173 1393//1172
f 1396//1174 1397//1175 1395//1173
f 1398//1176 1399//1177 1397//1175
f 1400//1178 1401//1179 1399//1177
f 1402//1180 1403//1181 1401//1179
f 1404//1182 1405//1183 1403//1181
f 1406//1184 1407//1185 1405//1183
f 1408//1186 1377//1158 1407//1185
f 1422//1187 1438//1188 1421//1188
f 1379//1189 1410//1189 1409//1189
f 1383//1189 1410//1189 1381//1189
f 1383//1189 1412//1189 1411//1189
f 1385//1189 1413//1189 1412//1189
f 1387//1189 1414//1189 1413//1189
f 1389//1189 1415//1189 1414//1189
f 1393//1189 1415//1189 1391//1189
f 1393//1189 1417//1189 1416//1189
f 1395//1189 1418//1189 1417//1189
f 1399//1189 1418//1189 1397//1189
f 1401//1189 1419//1189 1399//1189
f 1401//1189 1421//1189 1420//1189
f 1403//1189 1422//1189 1421//1189
f 1405//1189 1423//1189 1422//1189
f 1377//1189 1423//1189 1407//1189
f 1377//1189 1409//1189 1424//1189
f 1415//1190 1431//1191 1414//1192
f 1423//1193 1439//1194 1422//1187
f 1415//1190 1433//1195 1432//1190
f 1409//1196 1425//1197 1426//1196
f 1424//1198 1440//1193 1423//1193
f 1416//1195 1434//1199 1433//1195
f 1424//1198 1426//1196 1427//1198
f 1417//1199 1435//1200 1434//1199
f 1411//1201 1425//1197 1410//1202
f 1418//1200 1436//1203 1435//1200
f 1411//1201 1429//1204 1428//1201
f 1420//1205 1436//1203 1419//1203
f 1413//1206 1429//1204 1412//1204
f 1420//1205 1438//1188 1437//1205
f 1414//1192 1430//1206 1413//1206
f 1441//1207 1444//1208 1443//1209
f 1443//1209 1446//1210 1445//1211
f 1445//1211 1448//1212 1447//1213
f 1448//1212 1449//1214 1447//1213
f 1450//1215 1451//1216 1449//1214
f 1452//1217 1453//1218 1451//1216
f 1454//1219 1455//1220 1453//1218
f 1455//1220 1458//1221 1457//1222
f 1457//1222 1460//1223 1459//1224
f 1459//1224 1462//1225 1461//1226
f 1461//1226 1464//1227 1463//1228
f 1463//1228 1466//1229 1465//1230
f 1466//1229 1467//1231 1465//1230
f 1468//1232 1469//1233 1467//1231
f 1470//1234 1471//1235 1469//1233
f 1472//1236 1441//1207 1471//1235
f 1477//1237 1493//1238 1476//1238
f 1443//1239 1474//1239 1473//1239
f 1445//1239 1475//1239 1474//1239
f 1447//1239 1476//1239 1475//1239
f 1449//1239 1477//1239 1476//1239
f 1453//1239 1477//1239 1451//1239
f 1455//1239 1478//1239 1453//1239
f 1457//1239 1479//1239 1455//1239
f 1459//1239 1480//1239 1457//1239
f 1459//1239 1482//1239 1481//1239
f 1461//1239 1483//1239 1482//1239
f 1463//1239 1484//1239 1483//1239
f 1467//1239 1484//1239 1465//1239
f 1469//1239 1485//1239 1467//1239
f 1471//1239 1486//1239 1469//1239
f 1471//1239 1488//1239 1487//1239
f 1441//1239 1473//1239 1488//1239
f 1484//1240 1502//1241 1501//1240
f 1478//1242 1494//1237 1477//1237
f 1485//1241 1503//1243 1502//1241
f 1478//1242 1496//1244 1495//1242
f 1487//1245 1503//1243 1486//1243
f 1480//1246 1496//1244 1479//1244
f 1474//1247 1490//1248 1473//1248
f 1488//1249 1504//1245 1487//1245
f 1480//1246 1498//1250 1497//1246
f 1488//1249 1490//1248 1491//1249
f 1482//1251 1498//1250 1481//1250
f 1474//1247 1492//1252 1489//1247
f 1482//1251 1500//1253 1499//1251
f 1475//1252 1493//1238 1492//1252
f 1483//1253 1501//1240 1500//1253
f 1506//1254 1507//1255 1505//1256
f 1508//1257 1509//1258 1507//1255
f 1510//1259 1511//1260 1509//1258
f 1511//1260 1514//1261 1513//1262
f 1513//1262 1516//1263 1515//1264
f 1515//1264 1518//1265 1517//1266
f 1517//1266 1520//1267 1519//1268
f 1519//1268 1522//1269 1521//1270
f 1522//1269 1523//1271 1521//1270
f 1524//1272 1525//1273 1523//1271
f 1526//1274 1527//1275 1525//1273
f 1528//1276 1529//1277 1527//1275
f 1530//1278 1531//1279 1529//1277
f 1532//1280 1533//1281 1531//1279
f 1534//1282 1535//1283 1533//1281
f 1536//1284 1505//1256 1535//1283
f 1549//1285 1567//1286 1566//1285
f 1507//1287 1538//1287 1537//1287
f 1511//1287 1538//1287 1509//1287
f 1513//1287 1539//1287 1511//1287
f 1513//1287 1541//1287 1540//1287
f 1515//1287 1542//1287 1541//1287
f 1517//1287 1543//1287 1542//1287
f 1521//1287 1543//1287 1519//1287
f 1523//1287 1544//1287 1521//1287
f 1525//1287 1545//1287 1523//1287
f 1525//1287 1547//1287 1546//1287
f 1527//1287 1548//1287 1547//1287
f 1529//1287 1549//1287 1548//1287
f 1531//1287 1550//1287 1549//1287
f 1533//1287 1551//1287 1550//1287
f 1505//1287 1551//1287 1535//1287
f 1507//1287 1552//1287 1505//1287
f 1542//1288 1560//1289 1559//1288
f 1551//1290 1567//1286 1550//1286
f 1544//1291 1560//1289 1543//1289
f 1537//1292 1553//1293 1554//1292
f 1551//1290 1555//1294 1568//1290
f 1545//1295 1561//1291 1544//1291
f 1552//1294 1554//1292 1555//1294
f 1545//1295 1563//1296 1562//1297
f 1538//1293 1556//1298 1553//1293
f 1546//1296 1564//1299 1563//1296
f 1540//1300 1556//1298 1539//1298
f 1548//1301 1564//1299 1547//1299
f 1541//1302 1557//1303 1540//1300
f 1548//1301 1566//1285 1565//1301
f 1542//1288 1558//1302 1541//1302
f 1569//1304 1572//1305 1571//1306
f 1571//1306 1574//1307 1573//1308
f 1573//1308 1576//1309 1575//1310
f 1576//1309 1577//1311 1575//1310
f 1578//1312 1579//1313 1577//1311
f 1580//1314 1581//1315 1579//1313
f 1582//1316 1583//1317 1581//1315
f 1583//1317 1586//1318 1585//1319
f 1585//1319 1588//1320 1587//1321
f 1587//1321 1590//1322 1589//1323
f 1589//1323 1592//1324 1591//1325
f 1591//1325 1594//1326 1593//1327
f 1594//1326 1595//1328 1593//1327
f 1596//1329 1597//1330 1595//1328
f 1598//1331 1599//1332 1597//1330
f 1600//1333 1569//1304 1599//1332
f 1604//1334 1622//1335 1621//1334
f 1571//1336 1602//1336 1601//1336
f 1573//1336 1603//1336 1602//1336
f 1575//1336 1604//1336 1603//1336
f 1577//1336 1605//1336 1604//1336
f 1579//1336 1606//1336 1605//1336
f 1581//1336 1607//1336 1606//1336
f 1585//1336 1607//1336 1583//1336
f 1585//1336 1609//1336 1608//1336
f 1587//1336 1610//1336 1609//1336
f 1591//1336 1610//1336 1589//1336
f 1591//1336 1612//1336 1611//1336
f 1593//1336 1613//1336 1612//1336
f 1595//1336 1614//1336 1613//1336
f 1599//1336 1614//1336 1597//1336
f 1569//1336 1615//1336 1599//1336
f 1569//1336 1601//1336 1616//1336
f 1612//1337 1630//1338 1629//1337
f 1605//1339 1623//1340 1622//1335
f 1613//1338 1631//1341 1630//1338
f 1606//1340 1624//1342 1623//1340
f 1614//1341 1632//1343 1631//1341
f 1607//1342 1625//1344 1624//1342
f 1602//1345 1618//1346 1601//1346
f 1615//1343 1619//1347 1632//1343
f 1608//1348 1626//1349 1625//1344
f 1601//1346 1619//1347 1616//1347
f 1610//1350 1626//1349 1609//1349
f 1603//1351 1617//1345 1602//1345
f 1610//1350 1628//1352 1627//1350
f 1603//1351 1621//1334 1620//1351
f 1612//1337 1628//1352 1611//1352
f 1634//1353 1635//1354 1633//1355
f 1636//1356 1637//1357 1635//1354
f 1638//1358 1639//1359 1637//1357
f 1639//1359 1642//1360 1641//1361
f 1641//1361 1644//1362 1643//1363
f 1643//1363 1646//1364 1645//1365
f 1645//1365 1648//1366 1647//1367
f 1647//1367 1650//1368 1649//1369
f 1650//1368 1651//1370 1649//1369
f 1652//1371 1653//1372 1651//1370
f 1654//1373 1655//1374 1653//1372
f 1656//1375 1657//1376 1655//1374
f 1658//1377 1659//1378 1657//1376
f 1660//1379 1661//1380 1659//1378
f 1662//1381 1663//1382 1661//1380
f 1664//1383 1633//1355 1663//1382
f 1677//1384 1695//1385 1694//1384
f 1637//1386 1665//1386 1635//1386
f 1639//1386 1666//1386 1637//1386
f 1639//1386 1668//1386 1667//1386
f 1641//1386 1669//1386 1668//1386
f 1643//1386 1670//1386 1669//1386
f 1645//1386 1671//1386 1670//1386
f 1647//1386 1672//1386 1671//1386
f 1649//1386 1673//1386 1672//1386
f 1653//1386 1673//1386 1651//1386
f 1655//1386 1674//1386 1653//1386
f 1655//1386 1676//1386 1675//1386
f 1657//1386 1677//1386 1676//1386
f 1659//1386 1678//1386 1677//1386
f 1661//1386 1679//1386 1678//1386
f 1633//1386 1679//1386 1663//1386
f 1635//1386 1680//1386 1633//1386
f 1671//1387 1687//1388 1670//1388
f 1678//1385 1696//1389 1695//1385
f 1672//1390 1688//1387 1671//1387
f 1665//1391 1681//1392 1682//1391
f 1679//1389 1683//1393 1696//1389
f 1673//1394 1689//1390 1672//1390
f 1680//1393 1682//1391 1683//1393
f 1674//1395 1690//1394 1673//1394
f 1666//1396 1684//1397 1681//1392
f 1674//1395 1692//1398 1691//1399
f 1667//1397 1685//1400 1684//1397
f 1675//1398 1693//1401 1692//1398
f 1669//1402 1685//1400 1668//1400
f 1676//1403 1694//1384 1693//1401
f 1670//1388 1686//1402 1669//1402
f 1697//1404 1700//1405 1699//1406
f 1699//1406 1702//1407 1701//1408
f 1701//1408 1704//1409 1703//1410
f 1704//1409 1705//1411 1703//1410
f 1706//1412 1707//1413 1705//1411
f 1708//1414 1709//1415 1707//1413
f 1710//1416 1711//1417 1709//1415
f 1711//1417 1714//1418 1713//1419
f 1713//1419 1716//1420 1715//1421
f 1715//1421 1718//1422 1717//1423
f 1717//1423 1720//1424 1719//1425
f 1719//1425 1722//1426 1721//1427
f 1722//1426 1723//1428 1721//1427
f 1724//1429 1725//1430 1723//1428
f 1726//1431 1727//1432 1725//1430
f 1728//1433 1697//1404 1727//1432
f 1733//1434 1749//1435 1732//1435
f 1699//1436 1730//1436 1729//1436
f 1703//1436 1730//1436 1701//1436
f 1703//1436 1732//1436 1731//1436
f 1705//1436 1733//1436 1732//1436
f 1707//1436 1734//1436 1733//1436
f 1711//1436 1734//1436 1709//1436
f 1711//1436 1736//1436 1735//1436
f 1715//1437 1736//1436 1713//1436
f 1715//1437 1738//1436 1737//1437
f 1719//1436 1738//1436 1717//1436
f 1719//1436 1740//1436 1739//1437
f 1721//1436 1741//1436 1740//1436
f 1725//1436 1741//1436 1723//1436
f 1725//1436 1743//1436 1742//1437
f 1697//1436 1743//1436 1727//1436
f 1697//1436 1729//1436 1744//1437
f 1741//1438 1757//1439 1740//1439
f 1734//1440 1750//1434 1733//1434
f 1742//1441 1758//1438 1741//1438
f 1734//1440 1752//1442 1751//1440
f 1742//1441 1760//1443 1759//1441
f 1735//1442 1753//1444 1752//1442
f 1730//1445 1746//1446 1729//1446
f 1743//1443 1747//1447 1760//1443
f 1737//1448 1753//1444 1736//1444
f 1744//1447 1746//1446 1747//1447
f 1737//1448 1755//1449 1754//1448
f 1731//1450 1745//1451 1730//1445
f 1738//1449 1756//1452 1755//1449
f 1732//1435 1748//1450 1731//1450
f 1740//1439 1756//1452 1739//1452
f 1762//1453 1763//1454 1761//1455
f 1764//1456 1765//1457 1763//1454
f 1766//1458 1767//1459 1765//1457
f 1767//1459 1770//1460 1769//1461
f 1769//1461 1772//1462 1771//1463
f 1771//1463 1774//1464 1773//1465
f 1773//1465 1776//1466 1775//1467
f 1775//1467 1778//1468 1777//1469
f 1778//1468 1779//1470 1777//1469
f 1780//1471 1781//1472 1779//1470
f 1782//1473 1783//1474 1781//1472
f 1784//1475 1785//1476 1783//1474
f 1786//1477 1787//1478 1785//1476
f 1788//1479 1789//1480 1787//1478
f 1790//1481 1791//1482 1789//1480
f 1792//1483 1761//1455 1791//1482
f 1805//1484 1823//1485 1822//1484
f 1763//1486 1794//1486 1793//1486
f 1765//1486 1795//1486 1794//1486
f 1767//1486 1796//1487 1795//1486
f 1769//1487 1797//1486 1796//1487
f 1771//1486 1798//1487 1797//1486
f 1775//1487 1798//1487 1773//1487
f 1777//1487 1799//1487 1775//1487
f 1777//1487 1801//1486 1800//1487
f 1781//1486 1801//1486 1779//1486
f 1783//1486 1802//1486 1781//1486
f 1783//1486 1804//1486 1803//1486
f 1787//1486 1804//1486 1785//1486
f 1787//1486 1806//1486 1805//1486
f 1789//1486 1807//1486 1806//1486
f 1791//1487 1808//1487 1807//1486
f 1761//1487 1793//1486 1808//1487
f 1799//1488 1815//1489 1798//1489
f 1806//1490 1824//1491 1823//1485
f 1799//1488 1817//1492 1816//1488
f 1794//1493 1810//1494 1793//1494
f 1807//1491 1811//1495 1824//1491
f 1801//1496 1817//1492 1800//1492
f 1793//1494 1811//1495 1808//1495
f 1801//1496 1819//1497 1818//1496
f 1794//1493 1812//1498 1809//1499
f 1802//1497 1820//1500 1819//1497
f 1795//1498 1813//1501 1812//1498
f 1804//1502 1820//1500 1803//1500
f 1796//1501 1814//1503 1813//1501
f 1805//1484 1821//1502 1804//1502
f 1798//1489 1814//1503 1797//1503
f 1825//1504 1828//1505 1827//1506
f 1827//1506 1830//1507 1829//1508
f 1829//1508 1832//1509 1831//1510
f 1832//1509 1833//1511 1831//1510
f 1834//1512 1835//1513 1833//1511
f 1836//1514 1837//1515 1835//1513
f 1838//1516 1839//1517 1837//1515
f 1839//1517 1842//1518 1841//1519
f 1841//1519 1844//1520 1843//1521
f 1843//1521 1846//1522 1845//1523
f 1845//1523 1848//1524 1847//1525
f 1847//1525 1850//1526 1849//1527
f 1850//1526 1851//1528 1849//1527
f 1852//1529 1853//1530 1851//1528
f 1854//1531 1855//1532 1853//1530
f 1856//1533 1825//1504 1855//1532
f 1860//1534 1878//1535 1877//1534
f 1829//1536 1857//1536 1827//1536
f 1831//1536 1858//1536 1829//1536
f 1833//1536 1859//1536 1831//1536
f 1835//1536 1860//1536 1833//1536
f 1837//1536 1861//1536 1835//1536
f 1837//1536 1863//1536 1862//1536
f 1841//1536 1863//1536 1839//1536
f 1841//1536 1865//1536 1864//1536
f 1843//1536 1866//1536 1865//1536
f 1845//1536 1867//1536 1866//1536
f 1847//1536 1868//1536 1867//1536
f 1851//1536 1868//1536 1849//1536
f 1853//1536 1869//1536 1851//1536
f 1853//1536 1871//1536 1870//1536
f 1855//1536 1872//1536 1871//1536
f 1825//1536 1857//1536 1872//1536
f 1868//1537 1886//1538 1885//1537
f 1862//1539 1878//1535 1861//1535
f 1869//1538 1887//1540 1886//1538
f 1862//1539 1880//1541 1879//1539
f 1870//1540 1888//1542 1887//1540
f 1863//1541 1881//1543 1880//1541
f 1857//1544 1873//1545 1874//1544
f 1871//1542 1875//1546 1888//1542
f 1865//1547 1881//1543 1864//1543
f 1857//1544 1875//1546 1872//1546
f 1866//1548 1882//1547 1865//1547
f 1859//1549 1873//1545 1858//1545
f 1867//1550 1883//1548 1866//1548
f 1859//1549 1877//1534 1876//1549
f 1867//1550 1885//1537 1884//1550
f 1890//1551 1891//1552 1889//1553
f 1892//1554 1893//1555 1891//1552
f 1894//1556 1895//1557 1893//1555
f 1895//1557 1898//1558 1897//1559
f 1897//1559 1900//1560 1899//1561
f 1899//1561 1902//1562 1901//1563
f 1901//1563 1904//1564 1903//1565
f 1903//1565 1906//1566 1905//1567
f 1906//1566 1907//1568 1905//1567
f 1908//1569 1909//1570 1907//1568
f 1910//1571 1911//1572 1909//1570
f 1912//1573 1913//1574 1911//1572
f 1914//1575 1915//1576 1913//1574
f 1916//1577 1917//1578 1915//1576
f 1918//1579 1919//1580 1917//1578
f 1920//1581 1889//1553 1919//1580
f 1933//1582 1951//1583 1950//1582
f 1893//1584 1921//1584 1891//1584
f 1893//1584 1923//1584 1922//1584
f 1895//1584 1924//1584 1923//1584
f 1897//1584 1925//1584 1924//1584
f 1899//1584 1926//1584 1925//1584
f 1903//1584 1926//1584 1901//1584
f 1905//1584 1927//1584 1903//1584
f 1905//1584 1929//1584 1928//1584
f 1909//1584 1929//1584 1907//1584
f 1911//1584 1930//1584 1909//1584
f 1913//1584 1931//1584 1911//1584
f 1913//1584 1933//1584 1932//1584
f 1915//1584 1934//1584 1933//1584
f 1917//1584 1935//1584 1934//1584
f 1919//1584 1936//1584 1935//1584
f 1889//1584 1921//1584 1936//1584
f 1927//1585 1943//1586 1926//1587
f 1935//1588 1951//1583 1934//1583
f 1928//1589 1944//1585 1927//1585
f 1921//1590 1937//1591 1938//1592
f 1935//1588 1939//1593 1952//1594
f 1929//1595 1945//1589 1928//1589
f 1936//1593 1938//1592 1939//1593
f 1929//1595 1947//1596 1946//1595
f 1922//1597 1940//1598 1937//1591
f 1930//1596 1948//1599 1947//1596
f 1924//1600 1940//1598 1923//1598
f 1931//1599 1949//1601 1948//1599
f 1925//1602 1941//1600 1924//1600
f 1932//1601 1950//1582 1949//1601
f 1926//1587 1942//1602 1925//1602
f 1953//1603 1956//1604 1955//1605
f 1955//1605 1958//1606 1957//1607
f 1957//1607 1960//1608 1959//1609
f 1960//1608 1961//1610 1959//1609
f 1962//1611 1963//1612 1961//1610
f 1964//1613 1965//1614 1963//1612
f 1966//1615 1967//1616 1965//1614
f 1967//1616 1970//1617 1969//1618
f 1969//1618 1972//1619 1971//1620
f 1971//1620 1974//1621 1973//1622
f 1973//1622 1976//1623 1975//1624
f 1975//1624 1978//1625 1977//1626
f 1978//1625 1979//1627 1977//1626
f 1980//1628 1981//1629 1979//1627
f 1982//1630 1983//1631 1981//1629
f 1984//1632 1953//1603 1983//1631
f 1989//1633 2005//1634 1988//1634
f 1957//1635 1985//1635 1955//1635
f 1959//1635 1986//1635 1957//1635
f 1961//1635 1987//1635 1959//1635
f 1961//1635 1989//1635 1988//1635
f 1965//1635 1989//1635 1963//1635
f 1967//1635 1990//1635 1965//1635
f 1967//1635 1992//1635 1991//1635
f 1969//1635 1993//1635 1992//1635
f 1971//1635 1994//1635 1993//1635
f 1973//1635 1995//1635 1994//1635
f 1975//1635 1996//1635 1995//1635
f 1977//1635 1997//1635 1996//1635
f 1981//1635 1997//1635 1979//1635
f 1981//1635 1999//1635 1998//1635
f 1983//1635 2000//1635 1999//1635
f 1955//1635 2000//1635 1953//1635
f 1996//1636 2014//1637 2013//1636
f 1989//1633 2007//1638 2006//1633
f 1997//1637 2015//1639 2014//1637
f 1990//1638 2008//1640 2007//1638
f 1999//1641 2015//1639 1998//1639
f 1991//1640 2009//1642 2008//1640
f 1985//1643 2001//1644 2002//1643
f 2000//1645 2016//1641 1999//1641
f 1993//1646 2009//1642 1992//1642
f 2000//1645 2002//1643 2003//1647
f 1994//1648 2010//1646 1993//1646
f 1986//1644 2004//1649 2001//1644
f 1994//1648 2012//1650 2011//1648
f 1988//1634 2004//1649 1987//1649
f 1996//1636 2012//1650 1995//1650
f 2018//1651 2019//1652 2017//1653
f 2020//1654 2021//1655 2019//1652
f 2022//1656 2023//1657 2021//1655
f 2023//1657 2026//1658 2025//1659
f 2025//1659 2028//1660 2027//1661
f 2027//1661 2030//1662 2029//1663
f 2029//1663 2032//1664 2031//1665
f 2031//1665 2034//1666 2033//1667
f 2034//1666 2035//1668 2033//1667
f 2036//1669 2037//1670 2035//1668
f 2038//1671 2039//1672 2037//1670
f 2040//1673 2041//1674 2039//1672
f 2042//1675 2043//1676 2041//1674
f 2044//1677 2045//1678 2043//1676
f 2046//1679 2047//1680 2045//1678
f 2048//1681 2017//1653 2047//1680
f 2061//1682 2079//1683 2078//1682
f 2021//1684 2049//1684 2019//1684
f 2023//1684 2050//1684 2021//1684
f 2025//1684 2051//1684 2023//1684
f 2025//1684 2053//1684 2052//1684
f 2027//1684 2054//1684 2053//1684
f 2029//1684 2055//1684 2054//1684
f 2033//1684 2055//1684 2031//1684
f 2035//1684 2056//1684 2033//1684
f 2035//1684 2058//1684 2057//1684
f 2039//1684 2058//1684 2037//1684
f 2039//1684 2060//1684 2059//1684
f 2041//1684 2061//1684 2060//1684
f 2043//1684 2062//1684 2061//1684
f 2045//1684 2063//1684 2062//1684
f 2017//1684 2063//1684 2047//1684
f 2017//1684 2049//1684 2064//1684
f 2054//1685 2072//1686 2071//1685
f 2063//1687 2079//1683 2062//1683
f 2055//1686 2073//1688 2072//1686
f 2050//1689 2066//1690 2049//1690
f 2063//1687 2067//1691 2080//1687
f 2057//1692 2073//1688 2056//1688
f 2064//1691 2066//1690 2067//1691
f 2057//1692 2075//1693 2074//1692
f 2051//1694 2065//1689 2050//1689
f 2058//1693 2076//1695 2075//1693
f 2052//1696 2068//1694 2051//1694
f 2059//1695 2077//1697 2076//1695
f 2053//1698 2069//1696 2052//1696
f 2060//1697 2078//1682 2077//1697
f 2054//1685 2070//1698 2053//1698
f 2081//1699 2084//1700 2083//1701
f 2083//1701 2086//1702 2085//1703
f 2085//1703 2088//1704 2087//1705
f 2088//1704 2089//1706 2087//1705
f 2090//1707 2091//1708 2089//1706
f 2092//1709 2093//1710 2091//1708
f 2094//1711 2095//1712 2093//1710
f 2095//1712 2098//1713 2097//1714
f 2097//1714 2100//1715 2099//1716
f 2099//1716 2102//1717 2101//1718
f 2101//1718 2104//1719 2103//1720
f 2103//1720 2106//1721 2105//1722
f 2106//1721 2107//1723 2105//1722
f 2108//1724 2109//1725 2107//1723
f 2110//1726 2111//1727 2109//1725
f 2112//1728 2081//1699 2111//1727
f 2117//1729 2133//1730 2116//1730
f 2085//1731 2113//1731 2083//1731
f 2085//1731 2115//1731 2114//1731
f 2089//1731 2115//1731 2087//1731
f 2091//1731 2116//1731 2089//1731
f 2093//1731 2117//1731 2091//1731
f 2095//1731 2118//1731 2093//1731
f 2095//1731 2120//1731 2119//1731
f 2099//1731 2120//1731 2097//1731
f 2099//1731 2122//1731 2121//1731
f 2101//1731 2123//1731 2122//1731
f 2103//1731 2124//1731 2123//1731
f 2107//1731 2124//1731 2105//1731
f 2109//1731 2125//1731 2107//1731
f 2111//1731 2126//1731 2109//1731
f 2111//1731 2128//1731 2127//1731
f 2081//1731 2113//1731 2128//1731
f 2124//1732 2142//1733 2141//1732
f 2117//1729 2135//1734 2134//1729
f 2125//1733 2143//1735 2142//1733
f 2119//1736 2135//1734 2118//1734
f 2126//1735 2144//1737 2143//1735
f 2120//1738 2136//1739 2119//1736
f 2114//1740 2130//1741 2113//1741
f 2128//1742 2144//1737 2127//1737
f 2120//1738 2138//1743 2137//1738
f 2128//1742 2130//1741 2131//1744
f 2121//1743 2139//1745 2138//1743
f 2115//1746 2129//1747 2114//1740
f 2123//1748 2139//1745 2122//1745
f 2115//1746 2133//1730 2132//1746
f 2123//1748 2141//1732 2140//1748
f 2146//1749 2147//1750 2145//1751
f 2148//1752 2149//1753 2147//1750
f 2150//1754 2151//1755 2149//1753
f 2151//1755 2154//1756 2153//1757
f 2153//1757 2156//1758 2155//1759
f 2155//1759 2158//1760 2157//1761
f 2157//1761 2160//1762 2159//1763
f 2159//1763 2162//1764 2161//1765
f 2162//1764 2163//1766 2161//1765
f 2164//1767 2165//1768 2163//1766
f 2166//1769 2167//1770 2165//1768
f 2168//1771 2169//1772 2167//1770
f 2170//1773 2171//1774 2169//1772
f 2172//1775 2173//1776 2171//1774
f 2174//1777 2175//1778 2173//1776
f 2176//1779 2145//1751 2175//1778
f 2190//1780 2206//1781 2189//1781
f 2149//1782 2177//1782 2147//1782
f 2151//1782 2178//1782 2149//1782
f 2151//1782 2180//1782 2179//1782
f 2153//1782 2181//1782 2180//1782
f 2155//1782 2182//1782 2181//1782
f 2159//1782 2182//1782 2157//1782
f 2159//1782 2184//1782 2183//1782
f 2163//1782 2184//1782 2161//1782
f 2165//1782 2185//1782 2163//1782
f 2167//1782 2186//1782 2165//1782
f 2167//1782 2188//1782 2187//1782
f 2169//1782 2189//1782 2188//1782
f 2171//1782 2190//1782 2189//1782
f 2173//1782 2191//1782 2190//1782
f 2145//1782 2191//1782 2175//1782
f 2147//1782 2192//1782 2145//1782
f 2183//1783 2199//1784 2182//1784
f 2191//1785 2207//1780 2190//1780
f 2184//1786 2200//1783 2183//1783
f 2177//1787 2193//1788 2194//1787
f 2191//1785 2195//1789 2208//1785
f 2184//1786 2202//1790 2201//1786
f 2177//1787 2195//1789 2192//1789
f 2185//1790 2203//1791 2202//1790
f 2179//1792 2193//1788 2178//1788
f 2186//1791 2204//1793 2203//1791
f 2179//1792 2197//1794 2196//1792
f 2188//1795 2204//1793 2187//1793
f 2180//1796 2198//1797 2197//1794
f 2188//1795 2206//1781 2205//1795
f 2182//1784 2198//1797 2181//1797
f 2209//1798 2212//1799 2211//1800
f 2211//1800 2214//1801 2213//1802
f 2213//1802 2216//1803 2215//1804
f 2216//1803 2217//1805 2215//1804
f 2218//1806 2219//1807 2217//1805
f 2220//1808 2221//1809 2219//1807
f 2222//1810 2223//1811 2221//1809
f 2223//1811 2226//1812 2225//1813
f 2225//1813 2228//1814 2227//1815
f 2227//1815 2230//1816 2229//1817
f 2229//1817 2232//1818 2231//1819
f 2231//1819 2234//1820 2233//1821
f 2234//1820 2235//1822 2233//1821
f 2236//1823 2237//1824 2235//1822
f 2238//1825 2239//1826 2237//1824
f 2240//1827 2209//1798 2239//1826
f 2245//1828 2261//1829 2244//1829
f 2211//1830 2242//1831 2241//1830
f 2213//1831 2243//1831 2242//1831
f 2215//1831 2244//1830 2243//1831
f 2217//1830 2245//1830 2244//1830
f 2219//1830 2246//1830 2245//1830
f 2223//1830 2246//1830 2221//1830
f 2225//1830 2247//1830 2223//1830
f 2225//1830 2249//1830 2248//1830
f 2229//1830 2249//1830 2227//1831
f 2229//1830 2251//1831 2250//1830
f 2231//1831 2252//1830 2251//1831
f 2235//1830 2252//1830 2233//1830
f 2237//1831 2253//1830 2235//1830
f 2239//1830 2254//1831 2237//1831
f 2239//1830 2256//1831 2255//1830
f 2209//1831 2241//1830 2256//1831
f 2252//1832 2270//1833 2269//1832
f 2246//1834 2262//1828 2245//1828
f 2253//1833 2271//1835 2270//1833
f 2247//1836 2263//1834 2246//1834
f 2254//1835 2272//1837 2271//1835
f 2248//1838 2264//1836 2247//1836
f 2242//1839 2258//1840 2241//1840
f 2256//1841 2272//1837 2255//1837
f 2249//1842 2265//1838 2248//1838
f 2241//1840 2259//1841 2256//1841
f 2250//1843 2266//1842 2249//1842
f 2243//1844 2257//1845 2242//1839
f 2251//1846 2267//1843 2250//1843
f 2244//1829 2260//1844 2243//1844
f 2251//1846 2269//1832 2268//1846
f 2274//1847 2275//1848 2273//1849
f 2276//1850 2277//1851 2275//1848
f 2278//1852 2279//1853 2277//1851
f 2279//1853 2282//1854 2281//1855
f 2281//1855 2284//1856 2283//1857
f 2283//1857 2286//1858 2285//1859
f 2285//1859 2288//1860 2287//1861
f 2287//1861 2290//1862 2289//1863
f 2290//1862 2291//1864 2289//1863
f 2292//1865 2293//1866 2291//1864
f 2294//1867 2295//1868 2293//1866
f 2296//1869 2297//1870 2295//1868
f 2298//1871 2299//1872 2297//1870
f 2300//1873 2301//1874 2299//1872
f 2302//1875 2303//1876 2301//1874
f 2304//1877 2273//1849 2303//1876
f 2317//1878 2335//1879 2334//1878
f 2275//1880 2306//1880 2305//1880
f 2279//1880 2306//1880 2277//1880
f 2279//1880 2308//1880 2307//1880
f 2281//1880 2309//1880 2308//1880
f 2283//1880 2310//1880 2309//1880
f 2285//1880 2311//1880 2310//1880
f 2287//1881 2312//1880 2311//1880
f 2291//1880 2312//1880 2289//1881
f 2293//1881 2313//1880 2291//1880
f 2295//1880 2314//1881 2293//1881
f 2295//1880 2316//1880 2315//1880
f 2297//1880 2317//1880 2316//1880
f 2299//1880 2318//1880 2317//1880
f 2301//1880 2319//1880 2318//1880
f 2273//1881 2319//1880 2303//1880
f 2273//1881 2305//1880 2320//1881
f 2311//1882 2327//1883 2310//1884
f 2319//1885 2335//1879 2318//1879
f 2312//1886 2328//1882 2311//1882
f 2306//1887 2322//1888 2305//1888
f 2319//1885 2323//1889 2336//1885
f 2313//1890 2329//1886 2312//1886
f 2320//1889 2322//1888 2323//1889
f 2313//1890 2331//1891 2330//1890
f 2306//1887 2324//1892 2321//1887
f 2314//1891 2332//1893 2331//1891
f 2307//1892 2325//1894 2324//1892
f 2316//1895 2332//1893 2315//1893
f 2309//1896 2325//1894 2308//1894
f 2317//1878 2333//1895 2316//1895
f 2310//1884 2326//1896 2309//1896
f 2337//1897 2340//1898 2339//1899
f 2339//1899 2342//1900 2341//1901
f 2341//1901 2344//1902 2343//1903
f 2344//1902 2345//1904 2343//1903
f 2346//1905 2347//1906 2345//1904
f 2348//1907 2349//1908 2347//1906
f 2350//1909 2351//1910 2349//1908
f 2351//1910 2354//1911 2353//1912
f 2353//1912 2356//1913 2355//1914
f 2355//1914 2358//1915 2357//1916
f 2357//1916 2360//1917 2359//1918
f 2359//1918 2362//1919 2361//1920
f 2362//1919 2363//1921 2361//1920
f 2364//1922 2365//1923 2363//1921
f 2366//1924 2367//1925 2365//1923
f 2368//1926 2337//1897 2367//1925
f 2373//1927 2389//1928 2372//1928
f 2341//1929 2369//1929 2339//1929
f 2343//1929 2370//1929 2341//1929
f 2343//1929 2372//1929 2371//1929
f 2345//1929 2373//1929 2372//1929
f 2349//1929 2373//1929 2347//1929
f 2349//1929 2375//1929 2374//1929
f 2351//1929 2376//1929 2375//1929
f 2353//1929 2377//1929 2376//1929
f 2355//1929 2378//1929 2377//1929
f 2359//1929 2378//1929 2357//1929
f 2359//1929 2380//1929 2379//1929
f 2363//1929 2380//1929 2361//1929
f 2363//1929 2382//1929 2381//1929
f 2365//1929 2383//1929 2382//1929
f 2367//1929 2384//1929 2383//1929
f 2337//1929 2369//1929 2384//1929
f 2380//1930 2398//1931 2397//1930
f 2374//1932 2390//1927 2373//1927
f 2382//1933 2398//1931 2381//1931
f 2374//1932 2392//1934 2391//1935
f 2382//1933 2400//1936 2399//1933
f 2376//1937 2392//1934 2375//1938
f 2369//1939 2385//1940 2386//1939
f 2383//1936 2387//1941 2400//1936
f 2376//1937 2394//1942 2393//1937
f 2369//1939 2387//1941 2384//1941
f 2377//1942 2395//1943 2394//1942
f 2371//1944 2385//1940 2370//1940
f 2379//1945 2395//1943 2378//1943
f 2372//1928 2388//1944 2371//1944
f 2379//1945 2397//1930 2396//1945
f 11//196 30//199 338//197
f 30//199 49//201 339//200
f 49//201 68//203 340//202
f 68//203 87//371 341//204
f 341//204 87//371 106//205
f 342//206 106//205 125//207
f 343//208 125//207 144//209
f 344//210 144//209 163//211
f 163//211 182//214 346//213
f 182//214 201//216 347//215
f 201//216 220//218 348//217
f 220//218 239//370 349//219
f 349//219 239//370 258//220
f 350//221 258//220 277//222
f 351//223 277//222 296//224
f 352//225 296//224 11//196
f 16//286 15//286 34//287
f 35//288 34//287 53//289
f 54//289 53//289 72//290
f 72//290 91//292 92//292
f 91//292 110//294 111//293
f 110//294 129//295 130//295
f 129//295 148//297 149//296
f 148//297 167//298 168//298
f 168//298 167//298 186//299
f 187//300 186//299 205//301
f 206//301 205//301 224//302
f 225//303 224//302 243//304
f 243//304 262//306 263//305
f 262//306 281//307 282//307
f 281//307 300//309 301//308
f 300//309 15//286 16//286
f 16//310 35//310 36//310
f 35//310 54//310 55//310
f 54//310 73//310 74//310
f 73//310 92//310 93//310
f 93//310 92//310 111//310
f 112//310 111//310 130//310
f 131//310 130//310 149//310
f 150//310 149//310 168//310
f 168//310 187//310 188//310
f 187//310 206//310 207//310
f 206//310 225//310 226//310
f 225//310 244//310 245//310
f 245//310 244//310 263//310
f 264//310 263//310 282//310
f 283//310 282//310 301//310
f 302//310 301//310 16//310
f 18//311 17//311 36//312
f 36//312 55//313 56//313
f 56//313 55//313 74//314
f 75//315 74//314 93//316
f 93//316 112//318 113//317
f 112//318 131//319 132//319
f 132//319 131//319 150//320
f 151//320 150//320 169//321
f 169//321 188//322 189//322
f 188//322 207//323 208//323
f 208//323 207//323 226//324
f 226//324 245//325 246//325
f 245//325 264//327 265//326
f 264//327 283//328 284//328
f 284//328 283//328 302//329
f 303//329 302//329 17//311
f 18//310 37//1958 56//310
f 56//310 75//310 94//310
f 94//310 113//1959 132//310
f 132//310 151//1958 170//310
f 170//310 189//1959 208//310
f 208//310 227//310 246//310
f 246//310 265//1958 284//310
f 284//310 303//1959 18//310
f 18//310 56//310 94//310
f 94//310 132//310 170//310
f 170//310 208//310 246//310
f 246//310 284//310 18//310
f 18//310 94//310 170//310
f 321//347 336//368 10//348
f 322//349 321//347 29//347
f 322//349 48//349 67//350
f 323//351 67//350 86//352
f 325//353 324//352 86//352
f 326//355 325//353 105//354
f 326//355 124//355 143//356
f 327//356 143//356 162//357
f 329//359 328//358 162//357
f 330//360 329//359 181//359
f 330//360 200//360 219//361
f 331//362 219//361 238//363
f 333//364 332//363 238//363
f 334//366 333//364 257//365
f 334//366 276//366 295//367
f 335//367 295//367 10//348
f 296//224 277//222 334//366
f 239//370 332//363 333//364
f 220//218 201//216 330//360
f 182//214 163//211 328//358
f 144//209 125//207 326//355
f 87//371 324//352 325//353
f 68//203 49//201 322//349
f 30//199 11//196 336//368
f 354//376 356//379 355//377
f 356//379 358//381 357//380
f 358//381 360//1960 359//382
f 359//382 360//1960 362//383
f 361//384 362//383 364//385
f 363//386 364//385 366//387
f 365//388 366//387 368//389
f 367//390 368//389 370//391
f 370//391 372//394 371//393
f 372//394 374//396 373//395
f 374//396 376//398 375//397
f 376//398 378//400 377//399
f 378//400 380//402 379//401
f 380//402 382//404 381//403
f 382//404 384//406 383//405
f 384//406 354//376 353//378
f 398//407 415//413 414//408
f 357//409 386//409 385//409
f 359//409 387//409 386//409
f 361//409 388//409 387//409
f 361//409 363//409 389//409
f 363//409 365//409 390//409
f 365//409 367//409 391//409
f 367//409 369//409 392//409
f 369//409 371//409 393//409
f 373//409 394//409 393//409
f 375//409 395//409 394//409
f 375//409 377//409 396//409
f 377//409 379//409 397//409
f 379//409 381//409 398//409
f 381//409 383//409 399//409
f 353//409 400//409 399//409
f 353//409 355//409 385//409
f 391//410 408//410 407//411
f 399//412 416//412 415//413
f 392//414 409//414 408//410
f 385//415 386//416 401//416
f 399//412 400//417 403//417
f 393//418 410//418 409//414
f 400//417 385//415 402//415
f 393//418 394//419 411//419
f 387//420 404//420 401//416
f 394//419 395//421 412//421
f 388//422 405//422 404//420
f 395//421 396//423 413//423
f 389//424 406//424 405//422
f 397//408 414//408 413//423
f 390//411 407//411 406//424
f 417//425 418//1961 420//426
f 419//427 420//426 422//428
f 421//429 422//428 424//430
f 424//430 426//433 425//432
f 426//433 428//435 427//434
f 428//435 430//437 429//436
f 430//437 432//1962 431//438
f 431//438 432//1962 434//439
f 433//440 434//439 436//441
f 435//442 436//441 438//443
f 437//444 438//443 440//445
f 439//446 440//445 442//447
f 442//447 444//450 443//449
f 444//450 446//452 445//451
f 446//452 448//454 447//453
f 448//454 418//1961 417//425
f 453//455 470//455 469//456
f 421//457 450//457 449//457
f 423//457 451//457 450//457
f 423//457 425//457 452//457
f 425//457 427//457 453//457
f 427//457 429//457 454//457
f 429//457 431//457 455//457
f 433//457 456//457 455//457
f 433//457 435//457 457//457
f 437//457 458//457 457//457
f 439//457 459//457 458//457
f 441//457 460//457 459//457
f 443//457 461//457 460//457
f 443//457 445//457 462//457
f 445//457 447//457 463//457
f 417//457 464//457 463//457
f 417//457 419//457 449//457
f 460//458 461//459 478//459
f 454//460 471//460 470//455
f 462//461 479//461 478//459
f 454//460 455//462 472//462
f 463//463 480//463 479//461
f 455//462 456//468 473//464
f 450//465 465//465 466//466
f 463//463 464//467 467//467
f 456//468 457//469 474//469
f 449//466 466//466 467//467
f 458//470 475//470 474//469
f 450//465 451//471 468//471
f 458//470 459//472 476//472
f 452//456 469//456 468//471
f 459//472 460//458 477//458
f 482//473 484//476 483//474
f 484//476 486//478 485//477
f 486//478 488//1963 487//479
f 487//479 488//1963 490//480
f 489//481 490//480 492//482
f 491//483 492//482 494//484
f 493//485 494//484 496//486
f 495//487 496//486 498//488
f 498//488 500//491 499//490
f 500//491 502//493 501//492
f 502//493 504//495 503//494
f 504//495 506//497 505//496
f 506//497 508//499 507//498
f 508//499 510//501 509//500
f 510//501 512//503 511//502
f 512//503 482//473 481//475
f 525//504 526//510 543//505
f 483//506 485//506 514//506
f 487//506 515//506 514//506
f 489//506 516//506 515//506
f 489//506 491//506 517//506
f 491//506 493//506 518//506
f 493//506 495//506 519//506
f 495//506 497//506 520//506
f 497//506 499//506 521//506
f 499//506 501//506 522//506
f 501//506 503//506 523//506
f 503//506 505//506 524//506
f 505//506 507//506 525//506
f 507//506 509//506 526//506
f 509//506 511//506 527//506
f 481//506 528//506 527//506
f 481//506 483//506 513//506
f 518//507 519//508 536//508
f 527//509 544//509 543//505
f 519//508 520//511 537//511
f 514//512 529//512 530//513
f 527//509 528//514 531//514
f 520//511 521//515 538//515
f 528//514 513//513 530//513
f 521//515 522//516 539//516
f 515//517 532//517 529//512
f 522//516 523//518 540//518
f 515//517 516//519 533//519
f 524//520 541//520 540//518
f 517//521 534//521 533//519
f 524//520 525//504 542//504
f 518//507 535//507 534//521
f 545//522 546//1964 548//523
f 547//524 548//523 550//525
f 549//526 550//525 552//527
f 552//527 554//530 553//529
f 554//530 556//532 555//531
f 556//532 558//534 557//533
f 558//534 560//1965 559//535
f 559//535 560//1965 562//536
f 561//537 562//536 564//538
f 563//539 564//538 566//540
f 565//541 566//540 568//542
f 567//543 568//542 570//544
f 570//544 572//547 571//546
f 572//547 574//549 573//548
f 574//549 576//551 575//550
f 576//551 546//1964 545//522
f 581//552 598//552 597//553
f 547//554 549//554 578//554
f 549//554 551//554 579//554
f 551//554 553//554 580//554
f 553//554 555//554 581//554
f 555//554 557//554 582//554
f 559//554 583//554 582//554
f 561//554 584//554 583//554
f 563//554 585//554 584//554
f 565//554 586//554 585//554
f 565//554 567//554 587//554
f 569//554 588//554 587//554
f 569//554 571//554 589//554
f 571//554 573//554 590//554
f 573//554 575//554 591//554
f 575//554 545//554 592//554
f 545//554 547//554 577//554
f 589//555 606//555 605//556
f 582//557 599//557 598//552
f 590//558 607//558 606//555
f 582//557 583//559 600//559
f 591//560 608//560 607//558
f 583//559 584//565 601//561
f 577//562 578//563 593//563
f 591//560 592//564 595//564
f 584//565 585//566 602//566
f 577//562 594//562 595//564
f 586//567 603//567 602//566
f 579//568 596//568 593//563
f 587//569 604//569 603//567
f 580//553 597//553 596//568
f 587//569 588//556 605//556
f 610//570 612//573 611//571
f 612//573 614//575 613//574
f 614//575 616//1966 615//576
f 615//576 616//1966 618//577
f 617//578 618//577 620//579
f 619//580 620//579 622//581
f 621//582 622//581 624//583
f 623//584 624//583 626//585
f 626//585 628//588 627//587
f 628//588 630//590 629//589
f 630//590 632//592 631//591
f 632//592 634//594 633//593
f 634//594 636//596 635//595
f 636//596 638//598 637//597
f 638//598 640//600 639//599
f 640//600 610//570 609//572
f 654//601 671//601 670//602
f 613//603 642//603 641//603
f 615//603 643//603 642//603
f 615//603 617//603 644//603
f 617//603 619//603 645//603
f 619//603 621//603 646//603
f 621//603 623//603 647//603
f 625//603 648//603 647//603
f 627//603 649//603 648//603
f 627//603 629//603 650//603
f 631//603 651//603 650//603
f 633//603 652//603 651//603
f 633//603 635//603 653//603
f 635//603 637//603 654//603
f 637//603 639//603 655//603
f 639//603 609//603 656//603
f 609//603 611//603 641//603
f 646//604 647//608 664//605
f 655//606 672//606 671//601
f 648//607 665//607 664//605
f 641//609 642//610 657//610
f 655//606 656//611 659//611
f 649//612 666//612 665//607
f 656//611 641//609 658//609
f 649//612 650//615 667//613
f 643//614 660//614 657//610
f 650//615 651//616 668//616
f 643//614 644//617 661//617
f 652//618 669//618 668//616
f 645//619 662//619 661//617
f 653//602 670//602 669//618
f 646//604 663//604 662//619
f 673//620 674//1967 676//621
f 675//622 676//621 678//623
f 677//624 678//623 680//625
f 680//625 682//628 681//627
f 682//628 684//630 683//629
f 684//630 686//632 685//631
f 686//632 688//1968 687//633
f 687//633 688//1968 690//634
f 689//635 690//634 692//636
f 691//637 692//636 694//638
f 693//639 694//638 696//640
f 695//641 696//640 698//642
f 698//642 700//645 699//644
f 700//645 702//647 701//646
f 702//647 704//649 703//648
f 704//649 674//1967 673//620
f 709//650 726//650 725//651
f 675//652 677//652 706//652
f 679//652 707//652 706//652
f 679//652 681//652 708//652
f 681//652 683//652 709//652
f 683//652 685//652 710//652
f 685//652 687//652 711//652
f 689//652 712//652 711//652
f 691//653 713//653 712//652
f 691//653 693//652 714//652
f 693//652 695//653 715//653
f 695//653 697//652 716//652
f 699//652 717//652 716//652
f 701//652 718//652 717//652
f 701//652 703//652 719//652
f 673//652 720//652 719//652
f 675//652 705//652 720//652
f 716//654 717//655 734//655
f 710//656 727//656 726//650
f 717//655 718//657 735//657
f 710//656 711//658 728//658
f 719//659 736//659 735//657
f 711//658 712//660 729//660
f 705//661 706//662 721//662
f 719//659 720//663 723//663
f 713//664 730//664 729//660
f 720//663 705//661 722//661
f 714//665 731//665 730//664
f 706//662 707//666 724//666
f 714//665 715//667 732//667
f 708//651 725//651 724//666
f 716//654 733//654 732//667
f 738//668 740//671 739//669
f 740//671 742//673 741//672
f 742//673 744//1969 743//674
f 743//674 744//1969 746//675
f 745//676 746//675 748//677
f 747//678 748//677 750//679
f 749//680 750//679 752//681
f 751//682 752//681 754//683
f 754//683 756//686 755//685
f 756//686 758//688 757//687
f 758//688 760//690 759//689
f 760//690 762//692 761//691
f 762//692 764//694 763//693
f 764//694 766//696 765//695
f 766//696 768//698 767//697
f 768//698 738//668 737//670
f 782//699 799//699 798//700
f 739//701 741//701 770//701
f 743//701 771//701 770//701
f 745//701 772//701 771//701
f 745//701 747//701 773//701
f 747//701 749//701 774//701
f 749//701 751//702 775//702
f 751//702 753//701 776//701
f 755//701 777//701 776//701
f 755//701 757//701 778//701
f 759//701 779//701 778//701
f 761//701 780//701 779//701
f 761//701 763//702 781//702
f 763//702 765//701 782//701
f 765//701 767//701 783//701
f 737//702 784//702 783//701
f 739//701 769//701 784//702
f 774//703 775//704 792//704
f 783//706 800//706 799//699
f 776//707 793//707 792//704
f 769//708 770//709 785//709
f 783//706 784//710 787//710
f 777//711 794//711 793//707
f 784//710 769//708 786//708
f 777//711 778//712 795//712
f 771//713 788//713 785//709
f 778//712 779//714 796//714
f 771//713 772//715 789//715
f 780//716 797//716 796//714
f 773//717 790//717 789//715
f 780//716 781//700 798//700
f 774//703 791//705 790//717
f 801//718 802//1970 804//719
f 803//720 804//719 806//721
f 805//722 806//721 808//723
f 808//723 810//726 809//725
f 810//726 812//728 811//727
f 812//728 814//730 813//729
f 814//730 816//1971 815//731
f 815//731 816//1971 818//732
f 817//733 818//732 820//734
f 819//735 820//734 822//736
f 821//737 822//736 824//738
f 823//739 824//738 826//740
f 826//740 828//743 827//742
f 828//743 830//745 829//744
f 830//745 832//747 831//746
f 832//747 802//1970 801//718
f 836//748 837//749 854//749
f 805//750 834//750 833//750
f 805//750 807//750 835//750
f 809//750 836//750 835//750
f 811//750 837//750 836//750
f 813//750 838//750 837//750
f 815//750 839//750 838//750
f 817//750 840//750 839//750
f 819//750 841//750 840//750
f 819//750 821//750 842//750
f 823//750 843//750 842//750
f 825//750 844//750 843//750
f 827//750 845//750 844//750
f 827//750 829//750 846//750
f 829//750 831//750 847//750
f 831//750 801//750 848//750
f 801//750 803//750 833//750
f 844//751 845//752 862//752
f 837//749 838//753 855//753
f 846//754 863//754 862//752
f 838//753 839//755 856//755
f 847//756 864//756 863//754
f 839//755 840//757 857//757
f 834//758 849//758 850//759
f 848//760 851//760 864//756
f 840//757 841//761 858//761
f 833//759 850//759 851//760
f 841//761 842//762 859//762
f 834//758 835//763 852//763
f 842//762 843//764 860//764
f 835//763 836//748 853//748
f 843//764 844//751 861//751
f 866//765 868//768 867//766
f 868//768 870//770 869//769
f 870//770 872//1972 871//771
f 871//771 872//1972 874//772
f 873//773 874//772 876//774
f 875//775 876//774 878//776
f 877//777 878//776 880//778
f 879//779 880//778 882//780
f 882//780 884//783 883//782
f 884//783 886//785 885//784
f 886//785 888//787 887//786
f 888//787 890//789 889//788
f 890//789 892//791 891//790
f 892//791 894//793 893//792
f 894//793 896//795 895//794
f 896//795 866//765 865//767
f 910//796 927//803 926//797
f 867//798 869//798 898//798
f 871//798 899//798 898//798
f 871//798 873//798 900//798
f 873//798 875//798 901//798
f 875//798 877//798 902//798
f 877//798 879//798 903//798
f 881//798 904//798 903//798
f 881//798 883//798 905//798
f 885//798 906//798 905//798
f 887//798 907//798 906//798
f 887//798 889//798 908//798
f 889//798 891//798 909//798
f 891//798 893//798 910//798
f 895//798 911//798 910//798
f 865//798 912//798 911//798
f 865//798 867//798 897//798
f 903//799 920//799 919//800
f 911//802 928//802 927//803
f 904//804 921//804 920//799
f 898//805 913//805 914//806
f 911//802 912//807 915//807
f 905//808 922//808 921//804
f 912//807 897//806 914//806
f 905//808 906//809 923//809
f 898//805 899//810 916//810
f 906//809 907//811 924//811
f 899//810 900//812 917//812
f 907//811 908//813 925//813
f 901//814 918//814 917//812
f 909//797 926//797 925//813
f 902//801 919//800 918//814
f 929//815 930//1973 932//816
f 931//817 932//816 934//818
f 933//819 934//818 936//820
f 936//820 938//823 937//822
f 938//823 940//825 939//824
f 940//825 942//827 941//826
f 942//827 944//1974 943//828
f 943//828 944//1974 946//829
f 945//830 946//829 948//831
f 947//832 948//831 950//833
f 949//834 950//833 952//835
f 951//836 952//835 954//837
f 954//837 956//840 955//839
f 956//840 958//842 957//841
f 958//842 960//844 959//843
f 960//844 930//1973 929//815
f 965//845 982//845 981//846
f 933//847 962//847 961//847
f 933//847 935//847 963//847
f 935//847 937//847 964//847
f 939//847 965//847 964//847
f 939//847 941//847 966//847
f 943//847 967//847 966//847
f 945//847 968//847 967//847
f 945//847 947//847 969//847
f 949//847 970//847 969//847
f 949//847 951//847 971//847
f 951//847 953//847 972//847
f 955//847 973//847 972//847
f 957//847 974//847 973//847
f 957//847 959//847 975//847
f 929//847 976//847 975//847
f 929//847 931//847 961//847
f 972//848 973//849 990//849
f 966//850 983//850 982//845
f 974//851 991//851 990//849
f 967//852 984//852 983//850
f 975//853 992//853 991//851
f 967//852 968//854 985//854
f 961//855 962//856 977//856
f 975//853 976//857 979//857
f 969//858 986//858 985//854
f 961//855 978//855 979//857
f 969//858 970//859 987//859
f 962//856 963//860 980//860
f 970//859 971//861 988//861
f 964//846 981//846 980//860
f 971//861 972//848 989//848
f 994//862 996//865 995//863
f 996//865 998//867 997//866
f 998//867 1000//1975 999//868
f 999//868 1000//1975 1002//869
f 1001//870 1002//869 1004//871
f 1003//872 1004//871 1006//873
f 1005//874 1006//873 1008//875
f 1007//876 1008//875 1010//877
f 1010//877 1012//880 1011//879
f 1012//880 1014//882 1013//881
f 1014//882 1016//884 1015//883
f 1016//884 1018//886 1017//885
f 1018//886 1020//888 1019//887
f 1020//888 1022//890 1021//889
f 1022//890 1024//892 1023//891
f 1024//892 994//862 993//864
f 1038//893 1055//893 1054//894
f 997//895 1026//895 1025//895
f 999//895 1027//895 1026//895
f 1001//895 1028//895 1027//895
f 1001//895 1003//895 1029//895
f 1003//895 1005//895 1030//895
f 1005//895 1007//895 1031//895
f 1009//895 1032//895 1031//895
f 1011//895 1033//895 1032//895
f 1011//895 1013//895 1034//895
f 1013//895 1015//895 1035//895
f 1017//895 1036//895 1035//895
f 1019//895 1037//895 1036//895
f 1019//895 1021//895 1038//895
f 1021//895 1023//895 1039//895
f 993//895 1040//895 1039//895
f 995//895 1025//895 1040//895
f 1031//896 1048//896 1047//897
f 1039//899 1056//899 1055//893
f 1032//900 1049//900 1048//896
f 1026//901 1041//901 1042//902
f 1039//899 1040//904 1043//904
f 1033//905 1050//905 1049//900
f 1040//904 1025//903 1042//902
f 1033//905 1034//906 1051//906
f 1027//907 1044//907 1041//901
f 1034//906 1035//908 1052//908
f 1028//909 1045//909 1044//907
f 1035//908 1036//912 1053//910
f 1029//911 1046//911 1045//909
f 1036//912 1037//894 1054//894
f 1030//898 1047//897 1046//911
f 1057//913 1058//1976 1060//914
f 1059//915 1060//914 1062//916
f 1061//917 1062//916 1064//918
f 1064//918 1066//921 1065//920
f 1066//921 1068//923 1067//922
f 1068//923 1070//925 1069//924
f 1070//925 1072//1977 1071//926
f 1071//926 1072//1977 1074//927
f 1073//928 1074//927 1076//929
f 1075//930 1076//929 1078//931
f 1077//932 1078//931 1080//933
f 1079//934 1080//933 1082//935
f 1082//935 1084//938 1083//937
f 1084//938 1086//940 1085//939
f 1086//940 1088//942 1087//941
f 1088//942 1058//1976 1057//913
f 1092//943 1093//944 1110//944
f 1061//945 1090//945 1089//945
f 1063//945 1091//945 1090//945
f 1065//945 1092//945 1091//945
f 1065//945 1067//945 1093//945
f 1069//945 1094//945 1093//945
f 1069//945 1071//945 1095//945
f 1071//945 1073//945 1096//945
f 1075//945 1097//945 1096//945
f 1077//945 1098//945 1097//945
f 1079//945 1099//945 1098//945
f 1079//945 1081//945 1100//945
f 1083//945 1101//945 1100//945
f 1085//945 1102//945 1101//945
f 1087//945 1103//945 1102//945
f 1057//945 1104//945 1103//945
f 1059//945 1089//945 1104//945
f 1100//946 1101//947 1118//947
f 1093//944 1094//948 1111//948
f 1101//947 1102//949 1119//949
f 1094//948 1095//952 1112//950
f 1103//951 1120//951 1119//949
f 1095//952 1096//957 1113//953
f 1090//954 1105//954 1106//955
f 1103//951 1104//956 1107//956
f 1096//957 1097//958 1114//958
f 1089//955 1106//955 1107//956
f 1098//959 1115//959 1114//958
f 1091//960 1108//960 1105//954
f 1098//959 1099//961 1116//961
f 1091//960 1092//943 1109//943
f 1100//946 1117//946 1116//961
f 1122//962 1124//965 1123//963
f 1124//965 1126//967 1125//966
f 1126//967 1128//1978 1127//968
f 1127//968 1128//1978 1130//969
f 1129//970 1130//969 1132//971
f 1131//972 1132//971 1134//973
f 1133//974 1134//973 1136//975
f 1135//976 1136//975 1138//977
f 1138//977 1140//980 1139//979
f 1140//980 1142//982 1141//981
f 1142//982 1144//984 1143//983
f 1144//984 1146//986 1145//985
f 1146//986 1148//988 1147//987
f 1148//988 1150//990 1149//989
f 1150//990 1152//992 1151//991
f 1152//992 1122//962 1121//964
f 1165//993 1166//994 1183//994
f 1125//995 1154//995 1153//995
f 1127//995 1155//995 1154//995
f 1129//995 1156//995 1155//995
f 1129//995 1131//995 1157//995
f 1131//995 1133//995 1158//995
f 1133//995 1135//995 1159//995
f 1137//995 1160//995 1159//995
f 1137//995 1139//995 1161//995
f 1141//995 1162//995 1161//995
f 1143//995 1163//995 1162//995
f 1143//995 1145//995 1164//995
f 1145//995 1147//995 1165//995
f 1147//995 1149//995 1166//995
f 1149//995 1151//995 1167//995
f 1121//995 1168//995 1167//995
f 1121//995 1123//995 1153//995
f 1159//996 1176//996 1175//997
f 1166//994 1167//998 1184//998
f 1160//999 1177//999 1176//996
f 1154//1000 1169//1006 1170//1001
f 1167//998 1168//1002 1171//1002
f 1161//1003 1178//1003 1177//999
f 1168//1002 1153//1001 1170//1001
f 1161//1003 1162//1004 1179//1004
f 1155//1005 1172//1005 1169//1006
f 1162//1004 1163//1007 1180//1007
f 1155//1005 1156//1008 1173//1008
f 1163//1007 1164//1009 1181//1009
f 1157//1010 1174//1010 1173//1008
f 1164//1009 1165//993 1182//993
f 1158//997 1175//997 1174//1010
f 1185//1011 1186//1979 1188//1012
f 1187//1013 1188//1012 1190//1014
f 1189//1015 1190//1014 1192//1016
f 1192//1016 1194//1019 1193//1018
f 1194//1019 1196//1021 1195//1020
f 1196//1021 1198//1023 1197//1022
f 1198//1023 1200//1980 1199//1024
f 1199//1024 1200//1980 1202//1025
f 1201//1026 1202//1025 1204//1027
f 1203//1028 1204//1027 1206//1029
f 1205//1030 1206//1029 1208//1031
f 1207//1032 1208//1031 1210//1033
f 1210//1033 1212//1036 1211//1035
f 1212//1036 1214//1038 1213//1037
f 1214//1038 1216//1040 1215//1039
f 1216//1040 1186//1979 1185//1011
f 1221//1041 1238//1041 1237//1042
f 1189//1043 1218//1043 1217//1043
f 1191//1043 1219//1043 1218//1043
f 1191//1043 1193//1043 1220//1043
f 1193//1043 1195//1043 1221//1043
f 1197//1043 1222//1043 1221//1043
f 1199//1043 1223//1043 1222//1043
f 1201//1043 1224//1043 1223//1043
f 1201//1043 1203//1044 1225//1044
f 1203//1044 1205//1044 1226//1044
f 1205//1044 1207//1044 1227//1044
f 1207//1044 1209//1043 1228//1043
f 1211//1043 1229//1043 1228//1043
f 1213//1043 1230//1043 1229//1043
f 1213//1043 1215//1043 1231//1043
f 1215//1043 1185//1043 1232//1043
f 1187//1043 1217//1043 1232//1043
f 1228//1045 1229//1046 1246//1046
f 1221//1041 1222//1047 1239//1047
f 1230//1048 1247//1048 1246//1046
f 1222//1047 1223//1049 1240//1049
f 1231//1050 1248//1050 1247//1048
f 1223//1049 1224//1051 1241//1051
f 1218//1052 1233//1052 1234//1053
f 1232//1054 1235//1054 1248//1050
f 1224//1051 1225//1055 1242//1055
f 1217//1053 1234//1053 1235//1054
f 1225//1055 1226//1056 1243//1056
f 1218//1052 1219//1057 1236//1057
f 1226//1056 1227//1058 1244//1058
f 1220//1042 1237//1042 1236//1057
f 1227//1058 1228//1045 1245//1045
f 1250//1059 1252//1062 1251//1060
f 1252//1062 1254//1064 1253//1063
f 1254//1064 1256//1981 1255//1065
f 1255//1065 1256//1981 1258//1066
f 1257//1067 1258//1066 1260//1068
f 1259//1069 1260//1068 1262//1070
f 1261//1071 1262//1070 1264//1072
f 1263//1073 1264//1072 1266//1074
f 1266//1074 1268//1077 1267//1076
f 1268//1077 1270//1079 1269//1078
f 1270//1079 1272//1081 1271//1080
f 1272//1081 1274//1083 1273//1082
f 1274//1083 1276//1085 1275//1084
f 1276//1085 1278//1087 1277//1086
f 1278//1087 1280//1089 1279//1088
f 1280//1089 1250//1059 1249//1061
f 1294//1090 1311//1090 1310//1091
f 1253//1092 1282//1092 1281//1092
f 1253//1092 1255//1092 1283//1092
f 1255//1092 1257//1092 1284//1092
f 1257//1092 1259//1092 1285//1092
f 1259//1092 1261//1092 1286//1092
f 1261//1092 1263//1093 1287//1093
f 1265//1093 1288//1093 1287//1093
f 1267//1092 1289//1092 1288//1093
f 1267//1092 1269//1093 1290//1093
f 1271//1092 1291//1092 1290//1093
f 1273//1092 1292//1092 1291//1092
f 1273//1092 1275//1092 1293//1092
f 1275//1092 1277//1092 1294//1092
f 1277//1092 1279//1092 1295//1092
f 1249//1093 1296//1093 1295//1092
f 1249//1093 1251//1092 1281//1092
f 1287//1094 1304//1094 1303//1095
f 1295//1096 1312//1096 1311//1090
f 1288//1097 1305//1097 1304//1094
f 1282//1098 1297//1098 1298//1099
f 1295//1096 1296//1100 1299//1100
f 1289//1101 1306//1101 1305//1097
f 1281//1099 1298//1099 1299//1100
f 1289//1101 1290//1104 1307//1102
f 1283//1103 1300//1103 1297//1098
f 1290//1104 1291//1105 1308//1105
f 1284//1106 1301//1106 1300//1103
f 1292//1107 1309//1107 1308//1105
f 1285//1108 1302//1108 1301//1106
f 1293//1091 1310//1091 1309//1107
f 1286//1095 1303//1095 1302//1108
f 1313//1109 1314//1982 1316//1110
f 1315//1111 1316//1110 1318//1112
f 1317//1113 1318//1112 1320//1114
f 1320//1114 1322//1117 1321//1116
f 1322//1117 1324//1119 1323//1118
f 1324//1119 1326//1121 1325//1120
f 1326//1121 1328//1983 1327//1122
f 1327//1122 1328//1983 1330//1123
f 1329//1124 1330//1123 1332//1125
f 1331//1126 1332//1125 1334//1127
f 1333//1128 1334//1127 1336//1129
f 1335//1130 1336//1129 1338//1131
f 1338//1131 1340//1134 1339//1133
f 1340//1134 1342//1136 1341//1135
f 1342//1136 1344//1138 1343//1137
f 1344//1138 1314//1982 1313//1109
f 1349//1139 1366//1139 1365//1140
f 1317//1141 1346//1141 1345//1141
f 1319//1141 1347//1141 1346//1141
f 1319//1141 1321//1141 1348//1141
f 1321//1141 1323//1141 1349//1141
f 1325//1141 1350//1141 1349//1141
f 1327//1141 1351//1141 1350//1141
f 1329//1141 1352//1141 1351//1141
f 1331//1141 1353//1141 1352//1141
f 1333//1141 1354//1141 1353//1141
f 1335//1141 1355//1141 1354//1141
f 1335//1141 1337//1141 1356//1141
f 1339//1141 1357//1141 1356//1141
f 1341//1141 1358//1141 1357//1141
f 1341//1141 1343//1141 1359//1141
f 1343//1141 1313//1141 1360//1141
f 1313//1141 1315//1141 1345//1141
f 1356//1142 1357//1143 1374//1143
f 1349//1139 1350//1144 1367//1144
f 1358//1145 1375//1145 1374//1143
f 1350//1144 1351//1146 1368//1146
f 1359//1147 1376//1147 1375//1145
f 1351//1146 1352//1148 1369//1148
f 1346//1149 1361//1149 1362//1150
f 1360//1151 1363//1151 1376//1147
f 1353//1152 1370//1152 1369//1148
f 1345//1150 1362//1150 1363//1151
f 1354//1153 1371//1153 1370//1152
f 1346//1149 1347//1154 1364//1154
f 1354//1153 1355//1155 1372//1155
f 1348//1140 1365//1140 1364//1154
f 1355//1155 1356//1142 1373//1142
f 1378//1156 1380//1159 1379//1157
f 1380//1159 1382//1161 1381//1160
f 1382//1161 1384//1984 1383//1162
f 1383//1162 1384//1984 1386//1163
f 1385//1164 1386//1163 1388//1165
f 1387//1166 1388//1165 1390//1167
f 1389//1168 1390//1167 1392//1169
f 1391//1170 1392//1169 1394//1171
f 1394//1171 1396//1174 1395//1173
f 1396//1174 1398//1176 1397//1175
f 1398//1176 1400//1178 1399//1177
f 1400//1178 1402//1180 1401//1179
f 1402//1180 1404//1182 1403//1181
f 1404//1182 1406//1184 1405//1183
f 1406//1184 1408//1186 1407//1185
f 1408//1186 1378//1156 1377//1158
f 1422//1187 1439//1194 1438//1188
f 1379//1189 1381//1189 1410//1189
f 1383//1189 1411//1189 1410//1189
f 1383//1189 1385//1189 1412//1189
f 1385//1189 1387//1189 1413//1189
f 1387//1189 1389//1189 1414//1189
f 1389//1189 1391//1189 1415//1189
f 1393//1189 1416//1189 1415//1189
f 1393//1189 1395//1189 1417//1189
f 1395//1189 1397//1189 1418//1189
f 1399//1189 1419//1189 1418//1189
f 1401//1189 1420//1189 1419//1189
f 1401//1189 1403//1189 1421//1189
f 1403//1189 1405//1189 1422//1189
f 1405//1189 1407//1189 1423//1189
f 1377//1189 1424//1189 1423//1189
f 1377//1189 1379//1189 1409//1189
f 1415//1190 1432//1190 1431//1191
f 1423//1193 1440//1193 1439//1194
f 1415//1190 1416//1195 1433//1195
f 1409//1196 1410//1202 1425//1197
f 1424//1198 1427//1198 1440//1193
f 1416//1195 1417//1199 1434//1199
f 1424//1198 1409//1196 1426//1196
f 1417//1199 1418//1200 1435//1200
f 1411//1201 1428//1201 1425//1197
f 1418//1200 1419//1203 1436//1203
f 1411//1201 1412//1204 1429//1204
f 1420//1205 1437//1205 1436//1203
f 1413//1206 1430//1206 1429//1204
f 1420//1205 1421//1188 1438//1188
f 1414//1192 1431//1191 1430//1206
f 1441//1207 1442//1985 1444//1208
f 1443//1209 1444//1208 1446//1210
f 1445//1211 1446//1210 1448//1212
f 1448//1212 1450//1215 1449//1214
f 1450//1215 1452//1217 1451//1216
f 1452//1217 1454//1219 1453//1218
f 1454//1219 1456//1986 1455//1220
f 1455//1220 1456//1986 1458//1221
f 1457//1222 1458//1221 1460//1223
f 1459//1224 1460//1223 1462//1225
f 1461//1226 1462//1225 1464//1227
f 1463//1228 1464//1227 1466//1229
f 1466//1229 1468//1232 1467//1231
f 1468//1232 1470//1234 1469//1233
f 1470//1234 1472//1236 1471//1235
f 1472//1236 1442//1985 1441//1207
f 1477//1237 1494//1237 1493//1238
f 1443//1239 1445//1239 1474//1239
f 1445//1239 1447//1239 1475//1239
f 1447//1239 1449//1239 1476//1239
f 1449//1239 1451//1239 1477//1239
f 1453//1239 1478//1239 1477//1239
f 1455//1239 1479//1239 1478//1239
f 1457//1239 1480//1239 1479//1239
f 1459//1239 1481//1239 1480//1239
f 1459//1239 1461//1239 1482//1239
f 1461//1239 1463//1239 1483//1239
f 1463//1239 1465//1239 1484//1239
f 1467//1239 1485//1239 1484//1239
f 1469//1239 1486//1239 1485//1239
f 1471//1239 1487//1239 1486//1239
f 1471//1239 1441//1239 1488//1239
f 1441//1239 1443//1239 1473//1239
f 1484//1240 1485//1241 1502//1241
f 1478//1242 1495//1242 1494//1237
f 1485//1241 1486//1243 1503//1243
f 1478//1242 1479//1244 1496//1244
f 1487//1245 1504//1245 1503//1243
f 1480//1246 1497//1246 1496//1244
f 1474//1247 1489//1247 1490//1248
f 1488//1249 1491//1249 1504//1245
f 1480//1246 1481//1250 1498//1250
f 1488//1249 1473//1248 1490//1248
f 1482//1251 1499//1251 1498//1250
f 1474//1247 1475//1252 1492//1252
f 1482//1251 1483//1253 1500//1253
f 1475//1252 1476//1238 1493//1238
f 1483//1253 1484//1240 1501//1240
f 1506//1254 1508//1257 1507//1255
f 1508//1257 1510//1259 1509//1258
f 1510//1259 1512//1987 1511//1260
f 1511//1260 1512//1987 1514//1261
f 1513//1262 1514//1261 1516//1263
f 1515//1264 1516//1263 1518//1265
f 1517//1266 1518//1265 1520//1267
f 1519//1268 1520//1267 1522//1269
f 1522//1269 1524//1272 1523//1271
f 1524//1272 1526//1274 1525//1273
f 1526//1274 1528//1276 1527//1275
f 1528//1276 1530//1278 1529//1277
f 1530//1278 1532//1280 1531//1279
f 1532//1280 1534//1282 1533//1281
f 1534//1282 1536//1284 1535//1283
f 1536//1284 1506//1254 1505//1256
f 1549//1285 1550//1286 1567//1286
f 1507//1287 1509//1287 1538//1287
f 1511//1287 1539//1287 1538//1287
f 1513//1287 1540//1287 1539//1287
f 1513//1287 1515//1287 1541//1287
f 1515//1287 1517//1287 1542//1287
f 1517//1287 1519//1287 1543//1287
f 1521//1287 1544//1287 1543//1287
f 1523//1287 1545//1287 1544//1287
f 1525//1287 1546//1287 1545//1287
f 1525//1287 1527//1287 1547//1287
f 1527//1287 1529//1287 1548//1287
f 1529//1287 1531//1287 1549//1287
f 1531//1287 1533//1287 1550//1287
f 1533//1287 1535//1287 1551//1287
f 1505//1287 1552//1287 1551//1287
f 1507//1287 1537//1287 1552//1287
f 1542//1288 1543//1289 1560//1289
f 1551//1290 1568//1290 1567//1286
f 1544//1291 1561//1291 1560//1289
f 1537//1292 1538//1293 1553//1293
f 1551//1290 1552//1294 1555//1294
f 1545//1295 1562//1297 1561//1291
f 1552//1294 1537//1292 1554//1292
f 1545//1295 1546//1296 1563//1296
f 1538//1293 1539//1298 1556//1298
f 1546//1296 1547//1299 1564//1299
f 1540//1300 1557//1303 1556//1298
f 1548//1301 1565//1301 1564//1299
f 1541//1302 1558//1302 1557//1303
f 1548//1301 1549//1285 1566//1285
f 1542//1288 1559//1288 1558//1302
f 1569//1304 1570//1988 1572//1305
f 1571//1306 1572//1305 1574//1307
f 1573//1308 1574//1307 1576//1309
f 1576//1309 1578//1312 1577//1311
f 1578//1312 1580//1314 1579//1313
f 1580//1314 1582//1316 1581//1315
f 1582//1316 1584//1989 1583//1317
f 1583//1317 1584//1989 1586//1318
f 1585//1319 1586//1318 1588//1320
f 1587//1321 1588//1320 1590//1322
f 1589//1323 1590//1322 1592//1324
f 1591//1325 1592//1324 1594//1326
f 1594//1326 1596//1329 1595//1328
f 1596//1329 1598//1331 1597//1330
f 1598//1331 1600//1333 1599//1332
f 1600//1333 1570//1988 1569//1304
f 1604//1334 1605//1339 1622//1335
f 1571//1336 1573//1336 1602//1336
f 1573//1336 1575//1336 1603//1336
f 1575//1336 1577//1336 1604//1336
f 1577//1336 1579//1336 1605//1336
f 1579//1336 1581//1336 1606//1336
f 1581//1336 1583//1336 1607//1336
f 1585//1336 1608//1336 1607//1336
f 1585//1336 1587//1336 1609//1336
f 1587//1336 1589//1336 1610//1336
f 1591//1336 1611//1336 1610//1336
f 1591//1336 1593//1336 1612//1336
f 1593//1336 1595//1336 1613//1336
f 1595//1336 1597//1336 1614//1336
f 1599//1336 1615//1336 1614//1336
f 1569//1336 1616//1336 1615//1336
f 1569//1336 1571//1336 1601//1336
f 1612//1337 1613//1338 1630//1338
f 1605//1339 1606//1340 1623//1340
f 1613//1338 1614//1341 1631//1341
f 1606//1340 1607//1342 1624//1342
f 1614//1341 1615//1343 1632//1343
f 1607//1342 1608//1348 1625//1344
f 1602//1345 1617//1345 1618//1346
f 1615//1343 1616//1347 1619//1347
f 1608//1348 1609//1349 1626//1349
f 1601//1346 1618//1346 1619//1347
f 1610//1350 1627//1350 1626//1349
f 1603//1351 1620//1351 1617//1345
f 1610//1350 1611//1352 1628//1352
f 1603//1351 1604//1334 1621//1334
f 1612//1337 1629//1337 1628//1352
f 1634//1353 1636//1356 1635//1354
f 1636//1356 1638//1358 1637//1357
f 1638//1358 1640//1990 1639//1359
f 1639//1359 1640//1990 1642//1360
f 1641//1361 1642//1360 1644//1362
f 1643//1363 1644//1362 1646//1364
f 1645//1365 1646//1364 1648//1366
f 1647//1367 1648//1366 1650//1368
f 1650//1368 1652//1371 1651//1370
f 1652//1371 1654//1373 1653//1372
f 1654//1373 1656//1375 1655//1374
f 1656//1375 1658//1377 1657//1376
f 1658//1377 1660//1379 1659//1378
f 1660//1379 1662//1381 1661//1380
f 1662//1381 1664//1383 1663//1382
f 1664//1383 1634//1353 1633//1355
f 1677//1384 1678//1385 1695//1385
f 1637//1386 1666//1386 1665//1386
f 1639//1386 1667//1386 1666//1386
f 1639//1386 1641//1386 1668//1386
f 1641//1386 1643//1386 1669//1386
f 1643//1386 1645//1386 1670//1386
f 1645//1386 1647//1386 1671//1386
f 1647//1386 1649//1386 1672//1386
f 1649//1386 1651//1386 1673//1386
f 1653//1386 1674//1386 1673//1386
f 1655//1386 1675//1386 1674//1386
f 1655//1386 1657//1386 1676//1386
f 1657//1386 1659//1386 1677//1386
f 1659//1386 1661//1386 1678//1386
f 1661//1386 1663//1386 1679//1386
f 1633//1386 1680//1386 1679//1386
f 1635//1386 1665//1386 1680//1386
f 1671//1387 1688//1387 1687//1388
f 1678//1385 1679//1389 1696//1389
f 1672//1390 1689//1390 1688//1387
f 1665//1391 1666//1396 1681//1392
f 1679//1389 1680//1393 1683//1393
f 1673//1394 1690//1394 1689//1390
f 1680//1393 1665//1391 1682//1391
f 1674//1395 1691//1399 1690//1394
f 1666//1396 1667//1397 1684//1397
f 1674//1395 1675//1398 1692//1398
f 1667//1397 1668//1400 1685//1400
f 1675//1398 1676//1403 1693//1401
f 1669//1402 1686//1402 1685//1400
f 1676//1403 1677//1384 1694//1384
f 1670//1388 1687//1388 1686//1402
f 1697//1404 1698//1991 1700//1405
f 1699//1406 1700//1405 1702//1407
f 1701//1408 1702//1407 1704//1409
f 1704//1409 1706//1412 1705//1411
f 1706//1412 1708//1414 1707//1413
f 1708//1414 1710//1416 1709//1415
f 1710//1416 1712//1992 1711//1417
f 1711//1417 1712//1992 1714//1418
f 1713//1419 1714//1418 1716//1420
f 1715//1421 1716//1420 1718//1422
f 1717//1423 1718//1422 1720//1424
f 1719//1425 1720//1424 1722//1426
f 1722//1426 1724//1429 1723//1428
f 1724//1429 1726//1431 1725//1430
f 1726//1431 1728//1433 1727//1432
f 1728//1433 1698//1991 1697//1404
f 1733//1434 1750//1434 1749//1435
f 1699//1436 1701//1436 1730//1436
f 1703//1436 1731//1436 1730//1436
f 1703//1436 1705//1436 1732//1436
f 1705//1436 1707//1436 1733//1436
f 1707//1436 1709//1436 1734//1436
f 1711//1436 1735//1436 1734//1436
f 1711//1436 1713//1436 1736//1436
f 1715//1437 1737//1437 1736//1436
f 1715//1437 1717//1436 1738//1436
f 1719//1436 1739//1437 1738//1436
f 1719//1436 1721//1436 1740//1436
f 1721//1436 1723//1436 1741//1436
f 1725//1436 1742//1437 1741//1436
f 1725//1436 1727//1436 1743//1436
f 1697//1436 1744//1437 1743//1436
f 1697//1436 1699//1436 1729//1436
f 1741//1438 1758//1438 1757//1439
f 1734//1440 1751//1440 1750//1434
f 1742//1441 1759//1441 1758//1438
f 1734//1440 1735//1442 1752//1442
f 1742//1441 1743//1443 1760//1443
f 1735//1442 1736//1444 1753//1444
f 1730//1445 1745//1451 1746//1446
f 1743//1443 1744//1447 1747//1447
f 1737//1448 1754//1448 1753//1444
f 1744//1447 1729//1446 1746//1446
f 1737//1448 1738//1449 1755//1449
f 1731//1450 1748//1450 1745//1451
f 1738//1449 1739//1452 1756//1452
f 1732//1435 1749//1435 1748//1450
f 1740//1439 1757//1439 1756//1452
f 1762//1453 1764//1456 1763//1454
f 1764//1456 1766//1458 1765//1457
f 1766//1458 1768//1993 1767//1459
f 1767//1459 1768//1993 1770//1460
f 1769//1461 1770//1460 1772//1462
f 1771//1463 1772//1462 1774//1464
f 1773//1465 1774//1464 1776//1466
f 1775//1467 1776//1466 1778//1468
f 1778//1468 1780//1471 1779//1470
f 1780//1471 1782//1473 1781//1472
f 1782//1473 1784//1475 1783//1474
f 1784//1475 1786//1477 1785//1476
f 1786//1477 1788//1479 1787//1478
f 1788//1479 1790//1481 1789//1480
f 1790//1481 1792//1483 1791//1482
f 1792//1483 1762//1453 1761//1455
f 1805//1484 1806//1490 1823//1485
f 1763//1486 1765//1486 1794//1486
f 1765//1486 1767//1486 1795//1486
f 1767//1486 1769//1487 1796//1487
f 1769//1487 1771//1486 1797//1486
f 1771//1486 1773//1487 1798//1487
f 1775//1487 1799//1487 1798//1487
f 1777//1487 1800//1487 1799//1487
f 1777//1487 1779//1486 1801//1486
f 1781//1486 1802//1486 1801//1486
f 1783//1486 1803//1486 1802//1486
f 1783//1486 1785//1486 1804//1486
f 1787//1486 1805//1486 1804//1486
f 1787//1486 1789//1486 1806//1486
f 1789//1486 1791//1487 1807//1486
f 1791//1487 1761//1487 1808//1487
f 1761//1487 1763//1486 1793//1486
f 1799//1488 1816//1488 1815//1489
f 1806//1490 1807//1491 1824//1491
f 1799//1488 1800//1492 1817//1492
f 1794//1493 1809//1499 1810//1494
f 1807//1491 1808//1495 1811//1495
f 1801//1496 1818//1496 1817//1492
f 1793//1494 1810//1494 1811//1495
f 1801//1496 1802//1497 1819//1497
f 1794//1493 1795//1498 1812//1498
f 1802//1497 1803//1500 1820//1500
f 1795//1498 1796//1501 1813//1501
f 1804//1502 1821//1502 1820//1500
f 1796//1501 1797//1503 1814//1503
f 1805//1484 1822//1484 1821//1502
f 1798//1489 1815//1489 1814//1503
f 1825//1504 1826//1994 1828//1505
f 1827//1506 1828//1505 1830//1507
f 1829//1508 1830//1507 1832//1509
f 1832//1509 1834//1512 1833//1511
f 1834//1512 1836//1514 1835//1513
f 1836//1514 1838//1516 1837//1515
f 1838//1516 1840//1995 1839//1517
f 1839//1517 1840//1995 1842//1518
f 1841//1519 1842//1518 1844//1520
f 1843//1521 1844//1520 1846//1522
f 1845//1523 1846//1522 1848//1524
f 1847//1525 1848//1524 1850//1526
f 1850//1526 1852//1529 1851//1528
f 1852//1529 1854//1531 1853//1530
f 1854//1531 1856//1533 1855//1532
f 1856//1533 1826//1994 1825//1504
f 1860//1534 1861//1535 1878//1535
f 1829//1536 1858//1536 1857//1536
f 1831//1536 1859//1536 1858//1536
f 1833//1536 1860//1536 1859//1536
f 1835//1536 1861//1536 1860//1536
f 1837//1536 1862//1536 1861//1536
f 1837//1536 1839//1536 1863//1536
f 1841//1536 1864//1536 1863//1536
f 1841//1536 1843//1536 1865//1536
f 1843//1536 1845//1536 1866//1536
f 1845//1536 1847//1536 1867//1536
f 1847//1536 1849//1536 1868//1536
f 1851//1536 1869//1536 1868//1536
f 1853//1536 1870//1536 1869//1536
f 1853//1536 1855//1536 1871//1536
f 1855//1536 1825//1536 1872//1536
f 1825//1536 1827//1536 1857//1536
f 1868//1537 1869//1538 1886//1538
f 1862//1539 1879//1539 1878//1535
f 1869//1538 1870//1540 1887//1540
f 1862//1539 1863//1541 1880//1541
f 1870//1540 1871//1542 1888//1542
f 1863//1541 1864//1543 1881//1543
f 1857//1544 1858//1545 1873//1545
f 1871//1542 1872//1546 1875//1546
f 1865//1547 1882//1547 1881//1543
f 1857//1544 1874//1544 1875//1546
f 1866//1548 1883//1548 1882//1547
f 1859//1549 1876//1549 1873//1545
f 1867//1550 1884//1550 1883//1548
f 1859//1549 1860//1534 1877//1534
f 1867//1550 1868//1537 1885//1537
f 1890//1551 1892//1554 1891//1552
f 1892//1554 1894//1556 1893//1555
f 1894//1556 1896//1997 1895//1557
f 1895//1557 1896//1997 1898//1558
f 1897//1559 1898//1558 1900//1560
f 1899//1561 1900//1560 1902//1562
f 1901//1563 1902//1562 1904//1564
f 1903//1565 1904//1564 1906//1566
f 1906//1566 1908//1569 1907//1568
f 1908//1569 1910//1571 1909//1570
f 1910//1571 1912//1573 1911//1572
f 1912//1573 1914//1575 1913//1574
f 1914//1575 1916//1577 1915//1576
f 1916//1577 1918//1579 1917//1578
f 1918//1579 1920//1581 1919//1580
f 1920//1581 1890//1551 1889//1553
f 1933//1582 1934//1583 1951//1583
f 1893//1584 1922//1584 1921//1584
f 1893//1584 1895//1584 1923//1584
f 1895//1584 1897//1584 1924//1584
f 1897//1584 1899//1584 1925//1584
f 1899//1584 1901//1584 1926//1584
f 1903//1584 1927//1584 1926//1584
f 1905//1584 1928//1584 1927//1584
f 1905//1584 1907//1584 1929//1584
f 1909//1584 1930//1584 1929//1584
f 1911//1584 1931//1584 1930//1584
f 1913//1584 1932//1584 1931//1584
f 1913//1584 1915//1584 1933//1584
f 1915//1584 1917//1584 1934//1584
f 1917//1584 1919//1584 1935//1584
f 1919//1584 1889//1584 1936//1584
f 1889//1584 1891//1584 1921//1584
f 1927//1585 1944//1585 1943//1586
f 1935//1588 1952//1594 1951//1583
f 1928//1589 1945//1589 1944//1585
f 1921//1590 1922//1597 1937//1591
f 1935//1588 1936//1593 1939//1593
f 1929//1595 1946//1595 1945//1589
f 1936//1593 1921//1590 1938//1592
f 1929//1595 1930//1596 1947//1596
f 1922//1597 1923//1598 1940//1598
f 1930//1596 1931//1599 1948//1599
f 1924//1600 1941//1600 1940//1598
f 1931//1599 1932//1601 1949//1601
f 1925//1602 1942//1602 1941//1600
f 1932//1601 1933//1582 1950//1582
f 1926//1587 1943//1586 1942//1602
f 1953//1603 1954//1998 1956//1604
f 1955//1605 1956//1604 1958//1606
f 1957//1607 1958//1606 1960//1608
f 1960//1608 1962//1611 1961//1610
f 1962//1611 1964//1613 1963//1612
f 1964//1613 1966//1615 1965//1614
f 1966//1615 1968//1999 1967//1616
f 1967//1616 1968//1999 1970//1617
f 1969//1618 1970//1617 1972//1619
f 1971//1620 1972//1619 1974//1621
f 1973//1622 1974//1621 1976//1623
f 1975//1624 1976//1623 1978//1625
f 1978//1625 1980//1628 1979//1627
f 1980//1628 1982//1630 1981//1629
f 1982//1630 1984//1632 1983//1631
f 1984//1632 1954//1998 1953//1603
f 1989//1633 2006//1633 2005//1634
f 1957//1635 1986//1635 1985//1635
f 1959//1635 1987//1635 1986//1635
f 1961//1635 1988//1635 1987//1635
f 1961//1635 1963//1635 1989//1635
f 1965//1635 1990//1635 1989//1635
f 1967//1635 1991//1635 1990//1635
f 1967//1635 1969//1635 1992//1635
f 1969//1635 1971//1635 1993//1635
f 1971//1635 1973//1635 1994//1635
f 1973//1635 1975//1635 1995//1635
f 1975//1635 1977//1635 1996//1635
f 1977//1635 1979//1635 1997//1635
f 1981//1635 1998//1635 1997//1635
f 1981//1635 1983//1635 1999//1635
f 1983//1635 1953//1635 2000//1635
f 1955//1635 1985//1635 2000//1635
f 1996//1636 1997//1637 2014//1637
f 1989//1633 1990//1638 2007//1638
f 1997//1637 1998//1639 2015//1639
f 1990//1638 1991//1640 2008//1640
f 1999//1641 2016//1641 2015//1639
f 1991//1640 1992//1642 2009//1642
f 1985//1643 1986//1644 2001//1644
f 2000//1645 2003//1647 2016//1641
f 1993//1646 2010//1646 2009//1642
f 2000//1645 1985//1643 2002//1643
f 1994//1648 2011//1648 2010//1646
f 1986//1644 1987//1649 2004//1649
f 1994//1648 1995//1650 2012//1650
f 1988//1634 2005//1634 2004//1649
f 1996//1636 2013//1636 2012//1650
f 2018//1651 2020//1654 2019//1652
f 2020//1654 2022//1656 2021//1655
f 2022//1656 2024//2001 2023//1657
f 2023//1657 2024//2001 2026//1658
f 2025//1659 2026//1658 2028//1660
f 2027//1661 2028//1660 2030//1662
f 2029//1663 2030//1662 2032//1664
f 2031//1665 2032//1664 2034//1666
f 2034//1666 2036//1669 2035//1668
f 2036//1669 2038//1671 2037//1670
f 2038//1671 2040//1673 2039//1672
f 2040//1673 2042//1675 2041//1674
f 2042//1675 2044//1677 2043//1676
f 2044//1677 2046//1679 2045//1678
f 2046//1679 2048//1681 2047//1680
f 2048//1681 2018//1651 2017//1653
f 2061//1682 2062//1683 2079//1683
f 2021//1684 2050//1684 2049//1684
f 2023//1684 2051//1684 2050//1684
f 2025//1684 2052//1684 2051//1684
f 2025//1684 2027//1684 2053//1684
f 2027//1684 2029//1684 2054//1684
f 2029//1684 2031//1684 2055//1684
f 2033//1684 2056//1684 2055//1684
f 2035//1684 2057//1684 2056//1684
f 2035//1684 2037//1684 2058//1684
f 2039//1684 2059//1684 2058//1684
f 2039//1684 2041//1684 2060//1684
f 2041//1684 2043//1684 2061//1684
f 2043//1684 2045//1684 2062//1684
f 2045//1684 2047//1684 2063//1684
f 2017//1684 2064//1684 2063//1684
f 2017//1684 2019//1684 2049//1684
f 2054//1685 2055//1686 2072//1686
f 2063//1687 2080//1687 2079//1683
f 2055//1686 2056//1688 2073//1688
f 2050//1689 2065//1689 2066//1690
f 2063//1687 2064//1691 2067//1691
f 2057//1692 2074//1692 2073//1688
f 2064//1691 2049//1690 2066//1690
f 2057//1692 2058//1693 2075//1693
f 2051//1694 2068//1694 2065//1689
f 2058//1693 2059//1695 2076//1695
f 2052//1696 2069//1696 2068//1694
f 2059//1695 2060//1697 2077//1697
f 2053//1698 2070//1698 2069//1696
f 2060//1697 2061//1682 2078//1682
f 2054//1685 2071//1685 2070//1698
f 2081//1699 2082//2002 2084//1700
f 2083//1701 2084//1700 2086//1702
f 2085//1703 2086//1702 2088//1704
f 2088//1704 2090//1707 2089//1706
f 2090//1707 2092//1709 2091//1708
f 2092//1709 2094//1711 2093//1710
f 2094//1711 2096//2003 2095//1712
f 2095//1712 2096//2003 2098//1713
f 2097//1714 2098//1713 2100//1715
f 2099//1716 2100//1715 2102//1717
f 2101//1718 2102//1717 2104//1719
f 2103//1720 2104//1719 2106//1721
f 2106//1721 2108//1724 2107//1723
f 2108//1724 2110//1726 2109//1725
f 2110//1726 2112//1728 2111//1727
f 2112//1728 2082//2002 2081//1699
f 2117//1729 2134//1729 2133//1730
f 2085//1731 2114//1731 2113//1731
f 2085//1731 2087//1731 2115//1731
f 2089//1731 2116//1731 2115//1731
f 2091//1731 2117//1731 2116//1731
f 2093//1731 2118//1731 2117//1731
f 2095//1731 2119//1731 2118//1731
f 2095//1731 2097//1731 2120//1731
f 2099//1731 2121//1731 2120//1731
f 2099//1731 2101//1731 2122//1731
f 2101//1731 2103//1731 2123//1731
f 2103//1731 2105//1731 2124//1731
f 2107//1731 2125//1731 2124//1731
f 2109//1731 2126//1731 2125//1731
f 2111//1731 2127//1731 2126//1731
f 2111//1731 2081//1731 2128//1731
f 2081//1731 2083//1731 2113//1731
f 2124//1732 2125//1733 2142//1733
f 2117//1729 2118//1734 2135//1734
f 2125//1733 2126//1735 2143//1735
f 2119//1736 2136//1739 2135//1734
f 2126//1735 2127//1737 2144//1737
f 2120//1738 2137//1738 2136//1739
f 2114//1740 2129//1747 2130//1741
f 2128//1742 2131//1744 2144//1737
f 2120//1738 2121//1743 2138//1743
f 2128//1742 2113//1741 2130//1741
f 2121//1743 2122//1745 2139//1745
f 2115//1746 2132//1746 2129//1747
f 2123//1748 2140//1748 2139//1745
f 2115//1746 2116//1730 2133//1730
f 2123//1748 2124//1732 2141//1732
f 2146//1749 2148//1752 2147//1750
f 2148//1752 2150//1754 2149//1753
f 2150//1754 2152//2005 2151//1755
f 2151//1755 2152//2005 2154//1756
f 2153//1757 2154//1756 2156//1758
f 2155//1759 2156//1758 2158//1760
f 2157//1761 2158//1760 2160//1762
f 2159//1763 2160//1762 2162//1764
f 2162//1764 2164//1767 2163//1766
f 2164//1767 2166//1769 2165//1768
f 2166//1769 2168//1771 2167//1770
f 2168//1771 2170//1773 2169//1772
f 2170//1773 2172//1775 2171//1774
f 2172//1775 2174//1777 2173//1776
f 2174//1777 2176//1779 2175//1778
f 2176//1779 2146//1749 2145//1751
f 2190//1780 2207//1780 2206//1781
f 2149//1782 2178//1782 2177//1782
f 2151//1782 2179//1782 2178//1782
f 2151//1782 2153//1782 2180//1782
f 2153//1782 2155//1782 2181//1782
f 2155//1782 2157//1782 2182//1782
f 2159//1782 2183//1782 2182//1782
f 2159//1782 2161//1782 2184//1782
f 2163//1782 2185//1782 2184//1782
f 2165//1782 2186//1782 2185//1782
f 2167//1782 2187//1782 2186//1782
f 2167//1782 2169//1782 2188//1782
f 2169//1782 2171//1782 2189//1782
f 2171//1782 2173//1782 2190//1782
f 2173//1782 2175//1782 2191//1782
f 2145//1782 2192//1782 2191//1782
f 2147//1782 2177//1782 2192//1782
f 2183//1783 2200//1783 2199//1784
f 2191//1785 2208//1785 2207//1780
f 2184//1786 2201//1786 2200//1783
f 2177//1787 2178//1788 2193//1788
f 2191//1785 2192//1789 2195//1789
f 2184//1786 2185//1790 2202//1790
f 2177//1787 2194//1787 2195//1789
f 2185//1790 2186//1791 2203//1791
f 2179//1792 2196//1792 2193//1788
f 2186//1791 2187//1793 2204//1793
f 2179//1792 2180//1796 2197//1794
f 2188//1795 2205//1795 2204//1793
f 2180//1796 2181//1797 2198//1797
f 2188//1795 2189//1781 2206//1781
f 2182//1784 2199//1784 2198//1797
f 2209//1798 2210//2006 2212//1799
f 2211//1800 2212//1799 2214//1801
f 2213//1802 2214//1801 2216//1803
f 2216//1803 2218//1806 2217//1805
f 2218//1806 2220//1808 2219//1807
f 2220//1808 2222//1810 2221//1809
f 2222//1810 2224//2007 2223//1811
f 2223//1811 2224//2007 2226//1812
f 2225//1813 2226//1812 2228//1814
f 2227//1815 2228//1814 2230//1816
f 2229//1817 2230//1816 2232//1818
f 2231//1819 2232//1818 2234//1820
f 2234//1820 2236//1823 2235//1822
f 2236//1823 2238//1825 2237//1824
f 2238//1825 2240//1827 2239//1826
f 2240//1827 2210//2006 2209//1798
f 2245//1828 2262//1828 2261//1829
f 2211//1830 2213//1831 2242//1831
f 2213//1831 2215//1831 2243//1831
f 2215//1831 2217//1830 2244//1830
f 2217//1830 2219//1830 2245//1830
f 2219//1830 2221//1830 2246//1830
f 2223//1830 2247//1830 2246//1830
f 2225//1830 2248//1830 2247//1830
f 2225//1830 2227//1831 2249//1830
f 2229//1830 2250//1830 2249//1830
f 2229//1830 2231//1831 2251//1831
f 2231//1831 2233//1830 2252//1830
f 2235//1830 2253//1830 2252//1830
f 2237//1831 2254//1831 2253//1830
f 2239//1830 2255//1830 2254//1831
f 2239//1830 2209//1831 2256//1831
f 2209//1831 2211//1830 2241//1830
f 2252//1832 2253//1833 2270//1833
f 2246//1834 2263//1834 2262//1828
f 2253//1833 2254//1835 2271//1835
f 2247//1836 2264//1836 2263//1834
f 2254//1835 2255//1837 2272//1837
f 2248//1838 2265//1838 2264//1836
f 2242//1839 2257//1845 2258//1840
f 2256//1841 2259//1841 2272//1837
f 2249//1842 2266//1842 2265//1838
f 2241//1840 2258//1840 2259//1841
f 2250//1843 2267//1843 2266//1842
f 2243//1844 2260//1844 2257//1845
f 2251//1846 2268//1846 2267//1843
f 2244//1829 2261//1829 2260//1844
f 2251//1846 2252//1832 2269//1832
f 2274//1847 2276//1850 2275//1848
f 2276//1850 2278//1852 2277//1851
f 2278//1852 2280//2008 2279//1853
f 2279//1853 2280//2008 2282//1854
f 2281//1855 2282//1854 2284//1856
f 2283//1857 2284//1856 2286//1858
f 2285//1859 2286//1858 2288//1860
f 2287//1861 2288//1860 2290//1862
f 2290//1862 2292//1865 2291//1864
f 2292//1865 2294//1867 2293//1866
f 2294//1867 2296//1869 2295//1868
f 2296//1869 2298//1871 2297//1870
f 2298//1871 2300//1873 2299//1872
f 2300//1873 2302//1875 2301//1874
f 2302//1875 2304//1877 2303//1876
f 2304//1877 2274//1847 2273//1849
f 2317//1878 2318//1879 2335//1879
f 2275//1880 2277//1880 2306//1880
f 2279//1880 2307//1880 2306//1880
f 2279//1880 2281//1880 2308//1880
f 2281//1880 2283//1880 2309//1880
f 2283//1880 2285//1880 2310//1880
f 2285//1880 2287//1881 2311//1880
f 2287//1881 2289//1881 2312//1880
f 2291//1880 2313//1880 2312//1880
f 2293//1881 2314//1881 2313//1880
f 2295//1880 2315//1880 2314//1881
f 2295//1880 2297//1880 2316//1880
f 2297//1880 2299//1880 2317//1880
f 2299//1880 2301//1880 2318//1880
f 2301//1880 2303//1880 2319//1880
f 2273//1881 2320//1881 2319//1880
f 2273//1881 2275//1880 2305//1880
f 2311//1882 2328//1882 2327//1883
f 2319//1885 2336//1885 2335//1879
f 2312//1886 2329//1886 2328//1882
f 2306//1887 2321//1887 2322//1888
f 2319//1885 2320//1889 2323//1889
f 2313//1890 2330//1890 2329//1886
f 2320//1889 2305//1888 2322//1888
f 2313//1890 2314//1891 2331//1891
f 2306//1887 2307//1892 2324//1892
f 2314//1891 2315//1893 2332//1893
f 2307//1892 2308//1894 2325//1894
f 2316//1895 2333//1895 2332//1893
f 2309//1896 2326//1896 2325//1894
f 2317//1878 2334//1878 2333//1895
f 2310//1884 2327//1883 2326//1896
f 2337//1897 2338//2009 2340//1898
f 2339//1899 2340//1898 2342//1900
f 2341//1901 2342//1900 2344//1902
f 2344//1902 2346//1905 2345//1904
f 2346//1905 2348//1907 2347//1906
f 2348//1907 2350//1909 2349//1908
f 2350//1909 2352//2010 2351//1910
f 2351//1910 2352//2010 2354//1911
f 2353//1912 2354//1911 2356//1913
f 2355//1914 2356//1913 2358//1915
f 2357//1916 2358//1915 2360//1917
f 2359//1918 2360//1917 2362//1919
f 2362//1919 2364//1922 2363//1921
f 2364//1922 2366//1924 2365//1923
f 2366//1924 2368//1926 2367//1925
f 2368//1926 2338//2009 2337//1897
f 2373//1927 2390//1927 2389//1928
f 2341//1929 2370//1929 2369//1929
f 2343//1929 2371//1929 2370//1929
f 2343//1929 2345//1929 2372//1929
f 2345//1929 2347//1929 2373//1929
f 2349//1929 2374//1929 2373//1929
f 2349//1929 2351//1929 2375//1929
f 2351//1929 2353//1929 2376//1929
f 2353//1929 2355//1929 2377//1929
f 2355//1929 2357//1929 2378//1929
f 2359//1929 2379//1929 2378//1929
f 2359//1929 2361//1929 2380//1929
f 2363//1929 2381//1929 2380//1929
f 2363//1929 2365//1929 2382//1929
f 2365//1929 2367//1929 2383//1929
f 2367//1929 2337//1929 2384//1929
f 2337//1929 2339//1929 2369//1929
f 2380//1930 2381//1931 2398//1931
f 2374//1932 2391//1935 2390//1927
f 2382//1933 2399//1933 2398//1931
f 2374//1932 2375//1938 2392//1934
f 2382//1933 2383//1936 2400//1936
f 2376//1937 2393//1937 2392//1934
f 2369//1939 2370//1940 2385//1940
f 2383//1936 2384//1941 2387//1941
f 2376//1937 2377//1942 2394//1942
f 2369//1939 2386//1939 2387//1941
f 2377//1942 2378//1943 2395//1943
f 2371//1944 2388//1944 2385//1940
f 2379//1945 2396//1945 2395//1943
f 2372//1928 2389//1928 2388//1944
f 2379//1945 2380//1930 2397//1930
usemtl Blue.001
f 296//224 336//368 11//196
f 258//220 334//366 277//222
f 239//370 331//362 332//363
f 182//214 330//360 201//216
f 144//209 328//358 163//211
f 106//205 326//355 125//207
f 87//371 323//351 324//352
f 30//199 322//349 49//201
f 409//409 413//409 403//409
f 473//457 477//457 467//457
f 537//506 541//506 531//506
f 601//554 605//554 595//554
f 665//603 669//603 659//603
f 729//652 733//652 723//652
f 793//701 797//701 787//701
f 857//750 861//750 851//750
f 921//798 925//798 915//798
f 985//847 989//847 979//847
f 1049//895 1053//895 1043//895
f 1113//945 1117//945 1107//945
f 1177//995 1181//995 1171//995
f 1241//1043 1245//1043 1235//1043
f 1305//1092 1309//1092 1299//1092
f 1369//1141 1373//1141 1363//1141
f 1433//1189 1437//1189 1427//1189
f 1497//1239 1501//1239 1491//1239
f 1561//1287 1565//1287 1555//1287
f 1625//1336 1629//1336 1619//1336
f 1689//1386 1693//1386 1683//1386
f 1753//1436 1757//1436 1747//1436
f 1817//1486 1821//1486 1811//1486
f 1881//1536 1885//1536 1875//1536
f 1945//1584 1949//1584 1939//1584
f 2009//1635 2013//1635 2003//1635
f 2073//1684 2077//1684 2067//1684
f 2137//1731 2141//1731 2131//1731
f 2201//1782 2205//1782 2195//1782
f 2265//1830 2269//1830 2259//1830
f 2329//1880 2333//1880 2323//1880
f 2393//1929 2397//1929 2387//1929
f 296//224 335//367 336//368
f 258//220 333//364 334//366
f 239//370 220//218 331//362
f 182//214 329//359 330//360
f 144//209 327//356 328//358
f 106//205 325//353 326//355
f 87//371 68//203 323//351
f 30//199 321//347 322//349
f 403//409 402//409 401//409
f 401//409 404//409 405//409
f 405//409 406//409 407//409
f 407//409 408//409 409//409
f 409//409 410//409 411//409
f 411//409 412//409 413//409
f 413//409 414//409 415//409
f 415//409 416//409 403//409
f 403//409 401//409 405//409
f 405//409 407//409 409//409
f 409//409 411//409 413//409
f 413//409 415//409 403//409
f 403//409 405//409 409//409
f 467//457 466//457 465//457
f 465//457 468//457 469//457
f 469//457 470//457 471//457
f 471//457 472//457 473//457
f 473//457 474//457 475//457
f 475//457 476//457 477//457
f 477//457 478//457 479//457
f 479//457 480//457 467//457
f 467//457 465//457 469//457
f 469//457 471//457 473//457
f 473//457 475//457 477//457
f 477//457 479//457 467//457
f 467//457 469//457 473//457
f 531//506 530//506 529//506
f 529//506 532//506 533//506
f 533//506 534//506 535//506
f 535//506 536//506 537//506
f 537//506 538//506 539//506
f 539//506 540//506 541//506
f 541//506 542//506 543//506
f 543//506 544//506 531//506
f 531//506 529//506 533//506
f 533//506 535//506 537//506
f 537//506 539//506 541//506
f 541//506 543//506 531//506
f 531//506 533//506 537//506
f 595//554 594//554 593//554
f 593//554 596//554 597//554
f 597//554 598//554 599//554
f 599//554 600//554 601//554
f 601//554 602//554 603//554
f 603//554 604//554 605//554
f 605//554 606//554 607//554
f 607//554 608//554 595//554
f 595//554 593//554 597//554
f 597//554 599//554 601//554
f 601//554 603//554 605//554
f 605//554 607//554 595//554
f 595//554 597//554 601//554
f 659//603 658//603 657//603
f 657//603 660//603 661//603
f 661//603 662//603 663//603
f 663//603 664//603 665//603
f 665//603 666//603 667//603
f 667//603 668//603 669//603
f 669//603 670//603 671//603
f 671//603 672//603 659//603
f 659//603 657//603 661//603
f 661//603 663//603 665//603
f 665//603 667//603 669//603
f 669//603 671//603 659//603
f 659//603 661//603 665//603
f 723//652 722//653 721//652
f 721//652 724//653 725//652
f 725//652 726//653 727//652
f 727//652 728//652 729//652
f 729//652 730//652 731//652
f 731//652 732//652 733//652
f 733//652 734//652 735//652
f 735//652 736//652 723//652
f 723//652 721//652 725//652
f 725//652 727//652 729//652
f 729//652 731//652 733//652
f 733//652 735//652 723//652
f 723//652 725//652 729//652
f 787//701 786//701 785//701
f 785//701 788//701 789//701
f 789//701 790//702 791//701
f 791//701 792//702 793//701
f 793//701 794//702 795//701
f 795//701 796//701 797//701
f 797//701 798//702 799//701
f 799//701 800//701 787//701
f 787//701 785//701 789//701
f 789//701 791//701 793//701
f 793//701 795//701 797//701
f 797//701 799//701 787//701
f 787//701 789//701 793//701
f 851//750 850//750 849//750
f 849//750 852//750 853//750
f 853//750 854//750 855//750
f 855//750 856//750 857//750
f 857//750 858//750 859//750
f 859//750 860//750 861//750
f 861//750 862//750 863//750
f 863//750 864//750 851//750
f 851//750 849//750 853//750
f 853//750 855//750 857//750
f 857//750 859//750 861//750
f 861//750 863//750 851//750
f 851//750 853//750 857//750
f 915//798 914//798 913//798
f 913//798 916//798 917//798
f 917//798 918//798 919//798
f 919//798 920//798 921//798
f 921//798 922//798 923//798
f 923//798 924//798 925//798
f 925//798 926//798 927//798
f 927//798 928//798 915//798
f 915//798 913//798 917//798
f 917//798 919//798 921//798
f 921//798 923//798 925//798
f 925//798 927//798 915//798
f 915//798 917//798 921//798
f 979//847 978//847 977//847
f 977//847 980//847 981//847
f 981//847 982//847 983//847
f 983//847 984//847 985//847
f 985//847 986//847 987//847
f 987//847 988//847 989//847
f 989//847 990//847 991//847
f 991//847 992//847 979//847
f 979//847 977//847 981//847
f 981//847 983//847 985//847
f 985//847 987//847 989//847
f 989//847 991//847 979//847
f 979//847 981//847 985//847
f 1043//895 1042//895 1041//895
f 1041//895 1044//895 1045//895
f 1045//895 1046//895 1047//895
f 1047//895 1048//895 1049//895
f 1049//895 1050//895 1051//895
f 1051//895 1052//895 1053//895
f 1053//895 1054//895 1055//895
f 1055//895 1056//895 1043//895
f 1043//895 1041//895 1045//895
f 1045//895 1047//895 1049//895
f 1049//895 1051//895 1053//895
f 1053//895 1055//895 1043//895
f 1043//895 1045//895 1049//895
f 1107//945 1106//945 1105//945
f 1105//945 1108//945 1109//945
f 1109//945 1110//945 1111//945
f 1111//945 1112//945 1113//945
f 1113//945 1114//945 1115//945
f 1115//945 1116//945 1117//945
f 1117//945 1118//945 1119//945
f 1119//945 1120//945 1107//945
f 1107//945 1105//945 1109//945
f 1109//945 1111//945 1113//945
f 1113//945 1115//945 1117//945
f 1117//945 1119//945 1107//945
f 1107//945 1109//945 1113//945
f 1171//995 1170//995 1169//995
f 1169//995 1172//995 1173//995
f 1173//995 1174//995 1175//995
f 1175//995 1176//995 1177//995
f 1177//995 1178//995 1179//995
f 1179//995 1180//995 1181//995
f 1181//995 1182//995 1183//995
f 1183//995 1184//995 1171//995
f 1171//995 1169//995 1173//995
f 1173//995 1175//995 1177//995
f 1177//995 1179//995 1181//995
f 1181//995 1183//995 1171//995
f 1171//995 1173//995 1177//995
f 1235//1043 1234//1043 1233//1043
f 1233//1043 1236//1044 1237//1043
f 1237//1043 1238//1044 1239//1043
f 1239//1043 1240//1043 1241//1043
f 1241//1043 1242//1043 1243//1043
f 1243//1043 1244//1043 1245//1043
f 1245//1043 1246//1043 1247//1043
f 1247//1043 1248//1043 1235//1043
f 1235//1043 1233//1043 1237//1043
f 1237//1043 1239//1043 1241//1043
f 1241//1043 1243//1043 1245//1043
f 1245//1043 1247//1043 1235//1043
f 1235//1043 1237//1043 1241//1043
f 1299//1092 1298//1092 1297//1092
f 1297//1092 1300//1092 1301//1092
f 1301//1092 1302//1092 1303//1092
f 1303//1092 1304//1092 1305//1092
f 1305//1092 1306//1093 1307//1092
f 1307//1092 1308//1092 1309//1092
f 1309//1092 1310//1093 1311//1092
f 1311//1092 1312//1092 1299//1092
f 1299//1092 1297//1092 1301//1092
f 1301//1092 1303//1092 1305//1092
f 1305//1092 1307//1092 1309//1092
f 1309//1092 1311//1092 1299//1092
f 1299//1092 1301//1092 1305//1092
f 1363//1141 1362//1141 1361//1141
f 1361//1141 1364//1141 1365//1141
f 1365//1141 1366//1141 1367//1141
f 1367//1141 1368//1141 1369//1141
f 1369//1141 1370//1141 1371//1141
f 1371//1141 1372//1141 1373//1141
f 1373//1141 1374//1141 1375//1141
f 1375//1141 1376//1141 1363//1141
f 1363//1141 1361//1141 1365//1141
f 1365//1141 1367//1141 1369//1141
f 1369//1141 1371//1141 1373//1141
f 1373//1141 1375//1141 1363//1141
f 1363//1141 1365//1141 1369//1141
f 1427//1189 1426//1189 1425//1189
f 1425//1189 1428//1189 1429//1189
f 1429//1189 1430//1189 1431//1189
f 1431//1189 1432//1189 1433//1189
f 1433//1189 1434//1189 1435//1189
f 1435//1189 1436//1189 1437//1189
f 1437//1189 1438//1189 1439//1189
f 1439//1189 1440//1189 1427//1189
f 1427//1189 1425//1189 1429//1189
f 1429//1189 1431//1189 1433//1189
f 1433//1189 1435//1189 1437//1189
f 1437//1189 1439//1189 1427//1189
f 1427//1189 1429//1189 1433//1189
f 1491//1239 1490//1239 1489//1239
f 1489//1239 1492//1239 1493//1239
f 1493//1239 1494//1239 1495//1239
f 1495//1239 1496//1239 1497//1239
f 1497//1239 1498//1239 1499//1239
f 1499//1239 1500//1239 1501//1239
f 1501//1239 1502//1239 1503//1239
f 1503//1239 1504//1239 1491//1239
f 1491//1239 1489//1239 1493//1239
f 1493//1239 1495//1239 1497//1239
f 1497//1239 1499//1239 1501//1239
f 1501//1239 1503//1239 1491//1239
f 1491//1239 1493//1239 1497//1239
f 1555//1287 1554//1287 1553//1287
f 1553//1287 1556//1287 1557//1287
f 1557//1287 1558//1287 1559//1287
f 1559//1287 1560//1287 1561//1287
f 1561//1287 1562//1287 1563//1287
f 1563//1287 1564//1287 1565//1287
f 1565//1287 1566//1287 1567//1287
f 1567//1287 1568//1287 1555//1287
f 1555//1287 1553//1287 1557//1287
f 1557//1287 1559//1287 1561//1287
f 1561//1287 1563//1287 1565//1287
f 1565//1287 1567//1287 1555//1287
f 1555//1287 1557//1287 1561//1287
f 1619//1336 1618//1336 1617//1336
f 1617//1336 1620//1336 1621//1336
f 1621//1336 1622//1336 1623//1336
f 1623//1336 1624//1336 1625//1336
f 1625//1336 1626//1336 1627//1336
f 1627//1336 1628//1336 1629//1336
f 1629//1336 1630//1336 1631//1336
f 1631//1336 1632//1336 1619//1336
f 1619//1336 1617//1336 1621//1336
f 1621//1336 1623//1336 1625//1336
f 1625//1336 1627//1336 1629//1336
f 1629//1336 1631//1336 1619//1336
f 1619//1336 1621//1336 1625//1336
f 1683//1386 1682//1386 1681//1386
f 1681//1386 1684//1386 1685//1386
f 1685//1386 1686//1386 1687//1386
f 1687//1386 1688//1386 1689//1386
f 1689//1386 1690//1386 1691//1386
f 1691//1386 1692//1386 1693//1386
f 1693//1386 1694//1386 1695//1386
f 1695//1386 1696//1386 1683//1386
f 1683//1386 1681//1386 1685//1386
f 1685//1386 1687//1386 1689//1386
f 1689//1386 1691//1386 1693//1386
f 1693//1386 1695//1386 1683//1386
f 1683//1386 1685//1386 1689//1386
f 1747//1436 1746//1437 1745//1436
f 1745//1436 1748//1436 1749//1436
f 1749//1436 1750//1436 1751//1436
f 1751//1436 1752//1436 1753//1436
f 1753//1436 1754//1437 1755//1436
f 1755//1436 1756//1437 1757//1436
f 1757//1436 1758//1437 1759//1436
f 1759//1436 1760//1436 1747//1436
f 1747//1436 1745//1436 1749//1436
f 1749//1436 1751//1436 1753//1436
f 1753//1436 1755//1436 1757//1436
f 1757//1436 1759//1436 1747//1436
f 1747//1436 1749//1436 1753//1436
f 1811//1486 1810//1486 1809//1486
f 1809//1486 1812//1487 1813//1486
f 1813//1486 1814//1487 1815//1486
f 1815//1486 1816//1487 1817//1486
f 1817//1486 1818//1487 1819//1486
f 1819//1486 1820//1486 1821//1486
f 1821//1486 1822//1487 1823//1487
f 1823//1487 1824//1486 1811//1486
f 1811//1486 1809//1486 1813//1486
f 1813//1486 1815//1486 1817//1486
f 1817//1486 1819//1486 1821//1486
f 1821//1486 1823//1487 1811//1486
f 1811//1486 1813//1486 1817//1486
f 1875//1536 1874//1536 1873//1536
f 1873//1536 1876//1536 1877//1536
f 1877//1536 1878//1536 1879//1536
f 1879//1536 1880//1536 1881//1536
f 1881//1536 1882//1536 1883//1536
f 1883//1536 1884//1536 1885//1536
f 1885//1536 1886//1996 1887//1536
f 1887//1536 1888//1536 1875//1536
f 1875//1536 1873//1536 1877//1536
f 1877//1536 1879//1536 1881//1536
f 1881//1536 1883//1536 1885//1536
f 1885//1536 1887//1536 1875//1536
f 1875//1536 1877//1536 1881//1536
f 1939//1584 1938//1584 1937//1584
f 1937//1584 1940//1584 1941//1584
f 1941//1584 1942//1584 1943//1584
f 1943//1584 1944//1584 1945//1584
f 1945//1584 1946//1584 1947//1584
f 1947//1584 1948//1584 1949//1584
f 1949//1584 1950//1584 1951//1584
f 1951//1584 1952//1584 1939//1584
f 1939//1584 1937//1584 1941//1584
f 1941//1584 1943//1584 1945//1584
f 1945//1584 1947//1584 1949//1584
f 1949//1584 1951//1584 1939//1584
f 1939//1584 1941//1584 1945//1584
f 2003//1635 2002//1635 2001//1635
f 2001//1635 2004//1635 2005//1635
f 2005//1635 2006//1635 2007//1635
f 2007//1635 2008//1635 2009//1635
f 2009//1635 2010//2000 2011//1635
f 2011//1635 2012//1635 2013//1635
f 2013//1635 2014//1635 2015//1635
f 2015//1635 2016//1635 2003//1635
f 2003//1635 2001//1635 2005//1635
f 2005//1635 2007//1635 2009//1635
f 2009//1635 2011//1635 2013//1635
f 2013//1635 2015//1635 2003//1635
f 2003//1635 2005//1635 2009//1635
f 2067//1684 2066//1684 2065//1684
f 2065//1684 2068//1684 2069//1684
f 2069//1684 2070//1684 2071//1684
f 2071//1684 2072//1684 2073//1684
f 2073//1684 2074//1684 2075//1684
f 2075//1684 2076//1684 2077//1684
f 2077//1684 2078//1684 2079//1684
f 2079//1684 2080//1684 2067//1684
f 2067//1684 2065//1684 2069//1684
f 2069//1684 2071//1684 2073//1684
f 2073//1684 2075//1684 2077//1684
f 2077//1684 2079//1684 2067//1684
f 2067//1684 2069//1684 2073//1684
f 2131//1731 2130//1731 2129//1731
f 2129//1731 2132//2004 2133//1731
f 2133//1731 2134//1731 2135//1731
f 2135//1731 2136//1731 2137//1731
f 2137//1731 2138//1731 2139//1731
f 2139//1731 2140//1731 2141//1731
f 2141//1731 2142//1731 2143//1731
f 2143//1731 2144//1731 2131//1731
f 2131//1731 2129//1731 2133//1731
f 2133//1731 2135//1731 2137//1731
f 2137//1731 2139//1731 2141//1731
f 2141//1731 2143//1731 2131//1731
f 2131//1731 2133//1731 2137//1731
f 2195//1782 2194//1782 2193//1782
f 2193//1782 2196//1782 2197//1782
f 2197//1782 2198//1782 2199//1782
f 2199//1782 2200//1782 2201//1782
f 2201//1782 2202//1782 2203//1782
f 2203//1782 2204//1782 2205//1782
f 2205//1782 2206//1782 2207//1782
f 2207//1782 2208//1782 2195//1782
f 2195//1782 2193//1782 2197//1782
f 2197//1782 2199//1782 2201//1782
f 2201//1782 2203//1782 2205//1782
f 2205//1782 2207//1782 2195//1782
f 2195//1782 2197//1782 2201//1782
f 2259//1830 2258//1830 2257//1830
f 2257//1830 2260//1830 2261//1830
f 2261//1830 2262//1830 2263//1830
f 2263//1830 2264//1830 2265//1830
f 2265//1830 2266//1830 2267//1830
f 2267//1830 2268//1831 2269//1830
f 2269//1830 2270//1831 2271//1830
f 2271//1830 2272//1830 2259//1830
f 2259//1830 2257//1830 2261//1830
f 2261//1830 2263//1830 2265//1830
f 2265//1830 2267//1830 2269//1830
f 2269//1830 2271//1830 2259//1830
f 2259//1830 2261//1830 2265//1830
f 2323//1880 2322//1880 2321//1880
f 2321//1880 2324//1880 2325//1880
f 2325//1880 2326//1880 2327//1880
f 2327//1880 2328//1881 2329//1880
f 2329//1880 2330//1881 2331//1880
f 2331//1880 2332//1880 2333//1880
f 2333//1880 2334//1881 2335//1881
f 2335//1881 2336//1880 2323//1880
f 2323//1880 2321//1880 2325//1880
f 2325//1880 2327//1880 2329//1880
f 2329//1880 2331//1880 2333//1880
f 2333//1880 2335//1881 2323//1880
f 2323//1880 2325//1880 2329//1880
f 2387//1929 2386//1929 2385//1929
f 2385//1929 2388//1929 2389//1929
f 2389//1929 2390//1929 2391//1929
f 2391//1929 2392//1929 2393//1929
f 2393//1929 2394//1929 2395//1929
f 2395//1929 2396//1929 2397//1929
f 2397//1929 2398//1929 2399//1929
f 2399//1929 2400//1929 2387//1929
f 2387//1929 2385//1929 2389//1929
f 2389//1929 2391//1929 2393//1929
f 2393//1929 2395//1929 2397//1929
f 2397//1929 2399//1929 2387//1929
f 2387//1929 2389//1929 2393//1929
usemtl Gray
f 2//1 20//2 21//3
f 21//3 39//4 40//5
f 40//5 58//6 59//7
f 59//7 77//8 78//9
f 77//8 97//10 78//9
f 96//11 116//12 97//10
f 115//13 135//14 116//12
f 134//15 154//16 135//14
f 154//16 172//17 173//18
f 173//18 191//19 192//20
f 192//20 210//21 211//22
f 211//22 229//23 230//24
f 229//23 249//25 230//24
f 248//26 268//27 249//25
f 267//28 287//29 268//27
f 286//30 2//1 287//29
f 3//31 21//3 22//32
f 22//32 40//5 41//33
f 40//5 60//34 41//33
f 59//7 79//35 60//34
f 79//35 97//10 98//36
f 98//36 116//12 117//37
f 116//12 136//38 117//37
f 135//14 155//39 136//38
f 155//39 173//18 174//40
f 174//40 192//20 193//41
f 192//20 212//42 193//41
f 211//22 231//43 212//42
f 231//43 249//25 250//44
f 250//44 268//27 269//45
f 268//27 288//46 269//45
f 287//29 3//31 288//46
f 3//47 23//48 4//47
f 22//48 42//49 23//48
f 42//49 60//50 61//50
f 61//50 79//51 80//51
f 79//51 99//52 80//51
f 98//52 118//53 99//52
f 118//53 136//54 137//54
f 137//54 155//55 156//55
f 155//55 175//56 156//55
f 174//56 194//57 175//56
f 194//57 212//58 213//58
f 213//58 231//59 232//59
f 231//59 251//60 232//59
f 250//60 270//61 251//60
f 270//61 288//62 289//62
f 289//62 3//47 4//47
f 5//63 23//64 24//65
f 23//64 43//66 24//65
f 43//66 61//67 62//68
f 62//68 80//69 81//70
f 80//69 100//71 81//70
f 99//72 119//73 100//71
f 119//73 137//74 138//75
f 137//74 157//76 138//75
f 157//76 175//77 176//78
f 175//77 195//79 176//78
f 195//79 213//80 214//81
f 214//81 232//82 233//83
f 232//82 252//84 233//83
f 251//85 271//86 252//84
f 271//86 289//87 290//88
f 289//87 5//63 290//88
f 6//89 24//65 25//90
f 24//65 44//91 25//90
f 43//66 63//92 44//91
f 62//68 82//93 63//92
f 82//93 100//71 101//94
f 101//94 119//73 120//95
f 120//95 138//75 139//96
f 138//75 158//97 139//96
f 158//97 176//78 177//98
f 176//78 196//99 177//98
f 195//79 215//100 196//99
f 214//81 234//101 215//100
f 234//101 252//84 253//102
f 253//102 271//86 272//103
f 272//103 290//88 291//104
f 290//88 6//89 291//104
f 7//105 25//90 26//106
f 26//106 44//91 45//107
f 45//107 63//92 64//108
f 64//108 82//93 83//109
f 82//93 102//110 83//109
f 101//94 121//111 102//110
f 120//95 140//112 121//111
f 139//96 159//113 140//112
f 159//113 177//98 178//114
f 178//114 196//99 197//115
f 197//115 215//100 216//116
f 216//116 234//101 235//117
f 234//101 254//118 235//117
f 254//118 272//103 273//119
f 273//119 291//104 292//120
f 291//104 7//105 292//120
f 26//121 46//122 27//123
f 45//124 65//125 46//122
f 64//126 84//127 65//125
f 84//127 102//128 103//129
f 103//129 121//130 122//131
f 122//131 140//132 141//133
f 140//132 160//134 141//133
f 160//134 178//135 179//136
f 178//135 198//137 179//136
f 197//138 217//139 198//137
f 216//140 236//141 217//139
f 236//141 254//142 255//143
f 255//143 273//144 274//145
f 273//144 293//146 274//145
f 292//147 8//148 293//146
f 320//149 293//146 8//148
f 65//125 306//150 46//122
f 84//127 307//151 65//125
f 309//152 84//127 103//129
f 310//153 103//129 122//131
f 141//133 310//153 122//131
f 312//154 141//133 160//134
f 179//136 312//154 160//134
f 314//155 179//136 198//137
f 217//139 314//155 198//137
f 236//141 315//156 217//139
f 317//157 236//141 255//143
f 318//158 255//143 274//145
f 319//159 274//145 293//146
f 306//150 28//160 305//161
f 306//150 27//123 46//122
f 306//150 66//162 47//163
f 307//151 85//164 66//162
f 309//152 85//164 308//165
f 310//153 104//166 309//152
f 310//153 142//167 123//168
f 312//154 142//167 311//169
f 312//154 180//170 161//171
f 314//155 180//170 313//172
f 314//155 218//173 199//174
f 315//156 237//175 218//173
f 317//157 237//175 316//176
f 318//158 256//177 317//157
f 318//158 294//178 275//179
f 320//149 294//178 319//159
f 27//123 320//149 8//148
f 10//180 28//160 29//181
f 29//181 47//163 48//182
f 47//163 67//183 48//182
f 67//183 85//164 86//184
f 85//164 105//185 86//184
f 105//185 123//168 124//186
f 123//168 143//187 124//186
f 142//167 162//188 143//187
f 162//188 180//170 181//189
f 181//189 199//174 200//190
f 199//174 219//191 200//190
f 219//191 237//175 238//192
f 237//175 257//193 238//192
f 257//193 275//179 276//194
f 275//179 295//195 276//194
f 294//178 10//180 295//195
f 12//226 32//227 13//228
f 31//229 51//230 32//227
f 50//231 70//232 51//230
f 70//232 88//233 89//234
f 88//233 108//235 89//234
f 108//235 126//236 127//237
f 127//237 145//238 146//239
f 146//239 164//240 165//241
f 164//240 184//242 165//241
f 183//243 203//244 184//242
f 202//245 222//246 203//244
f 222//246 240//247 241//248
f 240//247 260//249 241//248
f 260//249 278//250 279//251
f 279//251 297//252 298//253
f 298//253 12//226 13//228
f 13//228 33//254 14//255
f 33//254 51//230 52//256
f 52//256 70//232 71//257
f 71//257 89//234 90//258
f 89//234 109//259 90//258
f 108//235 128//260 109//259
f 127//237 147//261 128//260
f 147//261 165//241 166//262
f 165//241 185//263 166//262
f 185//263 203//244 204//264
f 204//264 222//246 223//265
f 223//265 241//248 242//266
f 241//248 261//267 242//266
f 260//249 280//268 261//267
f 279//251 299//269 280//268
f 299//269 13//228 14//255
f 15//270 33//254 34//271
f 33//254 53//272 34//271
f 53//272 71//257 72//273
f 71//257 91//274 72//273
f 91//274 109//259 110//275
f 109//259 129//276 110//275
f 129//276 147//261 148//277
f 147//261 167//278 148//277
f 167//278 185//263 186//279
f 185//263 205//280 186//279
f 205//280 223//265 224//281
f 223//265 243//282 224//281
f 243//282 261//267 262//283
f 261//267 281//284 262//283
f 281//284 299//269 300//285
f 299//269 15//270 300//285
f 19//330 20//331 1//330
f 38//331 39//332 20//331
f 57//332 58//333 39//332
f 76//333 77//334 58//333
f 95//334 96//335 77//334
f 114//335 115//336 96//335
f 133//336 134//337 115//336
f 152//337 153//338 134//337
f 171//338 172//339 153//338
f 190//339 191//340 172//339
f 209//340 210//341 191//340
f 210//341 247//342 229//342
f 247//342 248//343 229//342
f 266//343 267//344 248//343
f 285//344 286//345 267//344
f 286//345 19//330 1//330
f 320//149 28//160 9//369
f 8//148 26//121 27//123
f 352//225 12//226 297//252
f 351//223 297//252 278//250
f 259//372 351//223 278//250
f 240//247 350//221 259//372
f 348//217 240//247 221//373
f 347//215 221//373 202//245
f 183//243 347//215 202//245
f 164//240 346//213 183//243
f 344//210 164//240 145//238
f 343//208 145//238 126//236
f 107//374 343//208 126//236
f 88//233 342//206 107//374
f 340//202 88//233 69//375
f 339//200 69//375 50//231
f 31//229 339//200 50//231
f 12//226 338//197 31//229
f 2//1 1//1946 20//2
f 21//3 20//2 39//4
f 40//5 39//4 58//6
f 59//7 58//6 77//8
f 77//8 96//11 97//10
f 96//11 115//13 116//12
f 115//13 134//15 135//14
f 134//15 153//1947 154//16
f 154//16 153//1947 172//17
f 173//18 172//17 191//19
f 192//20 191//19 210//21
f 211//22 210//21 229//23
f 229//23 248//26 249//25
f 248//26 267//28 268//27
f 267//28 286//30 287//29
f 286//30 1//1946 2//1
f 3//31 2//1 21//3
f 22//32 21//3 40//5
f 40//5 59//7 60//34
f 59//7 78//9 79//35
f 79//35 78//9 97//10
f 98//36 97//10 116//12
f 116//12 135//14 136//38
f 135//14 154//16 155//39
f 155//39 154//16 173//18
f 174//40 173//18 192//20
f 192//20 211//22 212//42
f 211//22 230//24 231//43
f 231//43 230//24 249//25
f 250//44 249//25 268//27
f 268//27 287//29 288//46
f 287//29 2//1 3//31
f 3//47 22//48 23//48
f 22//48 41//49 42//49
f 42//49 41//49 60//50
f 61//50 60//50 79//51
f 79//51 98//52 99//52
f 98//52 117//53 118//53
f 118//53 117//53 136//54
f 137//54 136//54 155//55
f 155//55 174//56 175//56
f 174//56 193//57 194//57
f 194//57 193//57 212//58
f 213//58 212//58 231//59
f 231//59 250//60 251//60
f 250//60 269//61 270//61
f 270//61 269//61 288//62
f 289//62 288//62 3//47
f 5//63 4//1948 23//64
f 23//64 42//1949 43//66
f 43//66 42//1949 61//67
f 62//68 61//67 80//69
f 80//69 99//72 100//71
f 99//72 118//1950 119//73
f 119//73 118//1950 137//74
f 137//74 156//1951 157//76
f 157//76 156//1951 175//77
f 175//77 194//1952 195//79
f 195//79 194//1952 213//80
f 214//81 213//80 232//82
f 232//82 251//85 252//84
f 251//85 270//1953 271//86
f 271//86 270//1953 289//87
f 289//87 4//1948 5//63
f 6//89 5//63 24//65
f 24//65 43//66 44//91
f 43//66 62//68 63//92
f 62//68 81//70 82//93
f 82//93 81//70 100//71
f 101//94 100//71 119//73
f 120//95 119//73 138//75
f 138//75 157//76 158//97
f 158//97 157//76 176//78
f 176//78 195//79 196//99
f 195//79 214//81 215//100
f 214//81 233//83 234//101
f 234//101 233//83 252//84
f 253//102 252//84 271//86
f 272//103 271//86 290//88
f 290//88 5//63 6//89
f 7//105 6//89 25//90
f 26//106 25//90 44//91
f 45//107 44//91 63//92
f 64//108 63//92 82//93
f 82//93 101//94 102//110
f 101//94 120//95 121//111
f 120//95 139//96 140//112
f 139//96 158//97 159//113
f 159//113 158//97 177//98
f 178//114 177//98 196//99
f 197//115 196//99 215//100
f 216//116 215//100 234//101
f 234//101 253//102 254//118
f 254//118 253//102 272//103
f 273//119 272//103 291//104
f 291//104 6//89 7//105
f 26//121 45//124 46//122
f 45//124 64//126 65//125
f 64//126 83//1954 84//127
f 84//127 83//1954 102//128
f 103//129 102//128 121//130
f 122//131 121//130 140//132
f 140//132 159//1955 160//134
f 160//134 159//1955 178//135
f 178//135 197//138 198//137
f 197//138 216//140 217//139
f 216//140 235//1956 236//141
f 236//141 235//1956 254//142
f 255//143 254//142 273//144
f 273//144 292//147 293//146
f 292//147 7//1957 8//148
f 320//149 319//159 293//146
f 65//125 307//151 306//150
f 84//127 308//165 307//151
f 309//152 308//165 84//127
f 310//153 309//152 103//129
f 141//133 311//169 310//153
f 312//154 311//169 141//133
f 179//136 313//172 312//154
f 314//155 313//172 179//136
f 217//139 315//156 314//155
f 236//141 316//176 315//156
f 317//157 316//176 236//141
f 318//158 317//157 255//143
f 319//159 318//158 274//145
f 306//150 47//163 28//160
f 306//150 305//161 27//123
f 306//150 307//151 66//162
f 307//151 308//165 85//164
f 309//152 104//166 85//164
f 310//153 123//168 104//166
f 310//153 311//169 142//167
f 312//154 161//171 142//167
f 312//154 313//172 180//170
f 314//155 199//174 180//170
f 314//155 315//156 218//173
f 315//156 316//176 237//175
f 317//157 256//177 237//175
f 318//158 275//179 256//177
f 318//158 319//159 294//178
f 320//149 9//369 294//178
f 27//123 305//161 320//149
f 10//180 9//369 28//160
f 29//181 28//160 47//163
f 47//163 66//162 67//183
f 67//183 66//162 85//164
f 85//164 104//166 105//185
f 105//185 104//166 123//168
f 123//168 142//167 143//187
f 142//167 161//171 162//188
f 162//188 161//171 180//170
f 181//189 180//170 199//174
f 199//174 218//173 219//191
f 219//191 218//173 237//175
f 237//175 256//177 257//193
f 257//193 256//177 275//179
f 275//179 294//178 295//195
f 294//178 9//369 10//180
f 12//226 31//229 32//227
f 31//229 50//231 51//230
f 50//231 69//375 70//232
f 70//232 69//375 88//233
f 88//233 107//374 108//235
f 108//235 107//374 126//236
f 127//237 126//236 145//238
f 146//239 145//238 164//240
f 164//240 183//243 184//242
f 183//243 202//245 203//244
f 202//245 221//373 222//246
f 222//246 221//373 240//247
f 240//247 259//372 260//249
f 260//249 259//372 278//250
f 279//251 278//250 297//252
f 298//253 297//252 12//226
f 13//228 32//227 33//254
f 33//254 32//227 51//230
f 52//256 51//230 70//232
f 71//257 70//232 89//234
f 89//234 108//235 109//259
f 108//235 127//237 128//260
f 127//237 146//239 147//261
f 147//261 146//239 165//241
f 165//241 184//242 185//263
f 185//263 184//242 203//244
f 204//264 203//244 222//246
f 223//265 222//246 241//248
f 241//248 260//249 261//267
f 260//249 279//251 280//268
f 279//251 298//253 299//269
f 299//269 298//253 13//228
f 15//270 14//255 33//254
f 33//254 52//256 53//272
f 53//272 52//256 71//257
f 71//257 90//258 91//274
f 91//274 90//258 109//259
f 109//259 128//260 129//276
f 129//276 128//260 147//261
f 147//261 166//262 167//278
f 167//278 166//262 185//263
f 185//263 204//264 205//280
f 205//280 204//264 223//265
f 223//265 242//266 243//282
f 243//282 242//266 261//267
f 261//267 280//268 281//284
f 281//284 280//268 299//269
f 299//269 14//255 15//270
f 19//330 38//331 20//331
f 38//331 57//332 39//332
f 57//332 76//333 58//333
f 76//333 95//334 77//334
f 95//334 114//335 96//335
f 114//335 133//336 115//336
f 133//336 152//337 134//337
f 152//337 171//338 153//338
f 171//338 190//339 172//339
f 190//339 209//340 191//340
f 209//340 228//341 210//341
f 210//341 228//341 247//342
f 247//342 266//343 248//343
f 266//343 285//344 267//344
f 285//344 304//345 286//345
f 286//345 304//345 19//330
f 320//149 305//161 28//160
f 8//148 7//1957 26//121
f 352//225 337//198 12//226
f 351//223 352//225 297//252
f 259//372 350//221 351//223
f 240//247 349//219 350//221
f 348//217 349//219 240//247
f 347//215 348//217 221//373
f 183//243 346//213 347//215
f 164//240 345//212 346//213
f 344//210 345//212 164//240
f 343//208 344//210 145//238
f 107//374 342//206 343//208
f 88//233 341//204 342//206
f 340//202 341//204 88//233
f 339//200 340//202 69//375
f 31//229 338//197 339//200
f 12//226 337//198 338//197
usemtl Light
f 209//346 133//346 57//346
f 57//346 38//346 19//346
f 19//346 304//346 285//346
f 285//346 266//346 247//346
f 247//346 228//346 209//346
f 209//346 190//346 171//346
f 171//346 152//346 133//346
f 133//346 114//346 95//346
f 95//346 76//346 57//346
f 57//346 19//346 285//346
f 285//346 247//346 209//346
f 209//346 171//346 133//346
f 133//346 95//346 57//346
f 57//346 285//346 209//346
